item_id,order_id,product_id,quantity,unit_price,discount_percent
1,340,344,4,10444.86,15
2,167,108,1,3800.6,25
3,225,4,2,75724.21,25
4,639,219,3,427.15,20
5,211,410,1,21844.87,15
6,11,76,5,28878.69,0
7,146,298,5,54191.91,15
8,45,31,3,53028.81,0
9,225,269,3,57423.5,30
10,252,183,2,19108.56,10
11,104,22,2,22182.78,20
12,671,114,2,69709.49,10
13,468,246,3,27914.59,0
14,540,445,1,27899.96,0
15,148,134,2,30620.14,30
16,388,384,4,14478.55,5
17,48,194,-3,6556.9,0
18,336,254,3,40420.28,0
19,521,501,1,24622.64,25
20,680,67,4,18339.68,30
21,384,511,2,15392.22,15
22,383,495,4,71722.29,25
23,275,411,5,16151.05,0
24,213,225,4,24580.64,5
25,406,224,4,66355.0,50
26,161,384,1,14158.98,0
27,87,303,3,443.96,5
28,598,43,5,73975.7,15
29,437,462,4,46983.42,15
30,510,325,1,38406.46,0
31,453,240,1,67156.98,15
32,85,302,5,88363.6,30
33,660,81,2,42838.88,0
34,122,74,5,18033.17,5
35,342,202,3,19235.13,10
36,700,282,5,42857.4,0
37,557,268,3,62450.44,10
38,355,414,5,51237.92,0
39,484,153,2,13489.27,5
40,215,486,5,49754.34,30
41,480,473,1,77233.02,15
42,193,440,4,68636.46,5
43,450,461,1,67347.4,15
44,143,132,1,19691.96,25
45,675,364,4,36557.66,20
46,414,307,1,37661.89,50
47,33,143,3,33158.86,50
48,645,401,2,55505.64,20
49,66,396,1,69452.82,15
50,584,463,3,67842.05,0
51,176,107,2,80284.66,0
52,618,501,2,22998.23,0
53,396,291,3,48945.2,30
54,72,466,5,9249.26,0
55,176,335,4,51243.25,20
56,161,114,4,64669.16,25
57,71,399,2,30813.21,0
58,211,318,4,28763.81,0
59,619,318,5,30258.83,25
60,283,207,2,21125.01,25
61,66,409,2,76690.94,30
62,337,503,5,25207.24,0
63,94,295,4,44627.01,15
64,305,401,2,49742.02,20
65,256,184,4,76715.82,25
66,394,188,1,55109.72,20
67,45,246,2,32837.73,10
68,644,299,1,1408.26,5
69,506,422,5,10326.59,0
70,378,79,5,58451.95,15
71,420,462,2,42278.85,30
72,46,474,4,10216.3,20
73,352,409,4,82779.92,0
74,11,257,2,69880.86,15
75,687,476,1,60728.96,0
76,562,249,4,18727.91,0
77,483,286,2,56349.25,0
78,622,103,1,51385.84,30
79,401,173,1,21451.94,10
80,158,452,2,25587.26,0
81,692,222,1,36082.71,30
82,657,106,3,2356.61,25
83,54,5,4,40246.29,5
84,256,384,2,17455.39,0
85,17,432,1,26914.31,15
86,197,65,1,28005.1,0
87,172,46,1,62981.46,15
88,331,195,5,33362.66,20
89,439,124,1,22972.24,15
90,332,178,3,25078.09,0
91,399,218,1,29708.11,10
92,666,378,2,43911.05,20
93,309,512,1,25555.43,30
94,583,176,1,31565.48,50
95,333,398,2,19070.55,15
96,180,326,4,43662.66,0
97,344,19,5,21367.48,25
98,392,239,1,74977.58,5
99,22,128,4,55386.28,5
100,635,82,3,44533.03,25
101,304,207,2,22313.78,0
102,244,455,3,7049.66,0
103,285,326,1,39530.41,30
104,425,296,2,3290.69,15
105,351,249,1,15819.08,5
106,228,391,2,68822.86,25
107,645,7,4,28454.81,0
108,198,54,2,81334.66,5
109,129,94,5,34245.15,5
110,242,520,4,34870.29,10
111,169,203,2,72601.12,50
112,255,311,-4,73289.86,5
113,279,493,3,24715.75,20
114,387,172,4,4219.98,30
115,625,444,4,53368.06,0
116,391,438,3,91915.05,50
117,551,157,2,8663.62,10
118,390,475,-3,52969.66,20
119,576,493,2,24640.01,25
120,201,159,1,73534.33,0
121,513,384,4,15352.76,20
122,383,394,5,80748.72,0
123,419,40,1,49593.58,20
124,580,167,-4,13223.73,10
125,357,501,3,28414.2,0
126,667,395,2,88024.21,5
127,490,36,3,55774.93,0
128,682,152,4,61488.52,0
129,261,254,2,48924.64,0
130,120,95,4,73643.84,20
131,601,83,2,55009.76,20
132,170,438,3,75708.84,30
133,546,392,4,65434.71,0
134,112,353,3,24734.53,5
135,408,316,2,34546.33,25
136,2,100,4,8121.41,30
137,427,296,2,3273.26,0
138,384,191,2,71895.39,25
139,187,515,4,44391.15,50
140,218,191,2,60798.63,5
141,266,419,-5,49620.79,0
142,652,171,1,66710.99,20
143,128,284,1,16298.3,50
144,241,490,1,16382.52,0
145,63,273,1,81276.01,50
146,43,100,1,8558.28,20
147,618,273,4,85707.49,15
148,619,440,3,59688.1,15
149,246,370,4,31853.42,50
150,59,365,1,41223.49,0
151,468,412,2,76868.08,0
152,617,126,3,75518.49,5
153,378,463,4,67403.48,30
154,424,193,3,5113.66,0
155,649,369,3,49999.46,25
156,240,497,5,27319.83,0
157,357,439,4,51938.47,0
158,395,301,2,29718.61,30
159,586,517,4,2307.8,0
160,309,479,4,1732.73,0
161,494,247,2,67051.23,0
162,109,446,1,73946.17,0
163,335,393,2,41372.72,10
164,682,488,1,21950.17,0
165,548,504,3,30758.55,5
166,590,67,4,21549.32,20
167,670,448,2,8632.47,10
168,119,298,1,47811.67,15
169,607,193,1,6595.56,50
170,377,131,4,82556.4,50
171,2,319,5,47779.34,5
172,398,434,3,43357.32,0
173,533,228,1,15339.92,30
174,472,324,3,38358.57,5
175,512,467,3,35635.48,0
176,682,36,3,50600.3,30
177,127,281,5,35559.29,25
178,647,221,4,55996.08,0
179,342,157,2,9430.18,5
180,54,184,4,75757.06,10
181,676,164,5,87289.82,20
182,346,433,3,49796.56,20
183,401,74,3,19069.77,10
184,200,404,3,4357.51,50
185,56,312,2,67711.79,50
186,141,453,3,61725.32,0
187,215,224,2,77911.18,0
188,371,105,2,38298.88,20
189,438,173,1,28363.78,15
190,486,184,1,77717.05,30
191,666,347,2,43433.49,20
192,251,35,4,69789.67,25
193,310,177,4,19217.61,0
194,475,392,4,58959.97,15
195,12,123,1,59598.91,25
196,657,231,5,59685.53,50
197,492,281,1,32525.05,50
198,186,394,4,80606.59,10
199,586,129,1,217.1,30
200,190,416,1,77937.28,20
201,570,501,5,23328.57,30
202,668,128,2,63984.24,0
203,186,185,4,33689.07,15
204,126,41,2,29324.25,0
205,90,263,1,34839.01,0
206,128,519,5,58411.04,0
207,434,1,1,31412.34,30
208,301,456,4,64035.14,15
209,536,361,5,19634.17,5
210,102,46,2,59196.1,0
211,307,221,5,64483.79,30
212,222,368,5,48940.29,20
213,77,262,2,70138.91,20
214,468,86,4,47079.88,0
215,549,209,3,11462.05,5
216,382,168,2,59067.8,15
217,445,389,5,3960.68,5
218,80,277,1,7766.74,30
219,417,68,1,10099.3,15
220,342,280,2,30181.04,10
221,11,101,2,66184.92,20
222,108,127,3,56607.22,50
223,502,98,5,29820.16,10
224,565,278,1,22368.26,0
225,326,399,5,24016.04,30
226,609,413,2,5702.82,10
227,10,160,2,57671.86,20
228,582,274,3,28814.61,5
229,695,429,2,5204.38,25
230,363,480,3,16880.66,20
231,534,235,1,13890.02,10
232,417,321,1,34131.98,0
233,246,96,1,31327.91,0
234,293,505,1,84747.86,20
235,694,140,5,31789.99,30
236,128,416,2,59451.08,0
237,436,354,5,44393.7,50
238,44,460,5,47790.42,5
239,180,77,2,69176.54,30
240,362,53,4,37872.98,0
241,383,116,2,67931.5,30
242,121,298,3,51637.3,10
243,219,3,5,69338.66,20
244,223,313,5,63411.09,0
245,475,500,1,40444.49,50
246,472,337,1,13661.43,0
247,359,191,1,65234.79,0
248,442,504,5,32003.57,30
249,158,421,4,60430.95,0
250,160,257,4,72796.56,15
251,307,374,2,64301.77,30
252,276,112,4,41474.39,0
253,144,363,1,3206.52,15
254,204,114,1,66124.79,0
255,405,432,1,34373.22,0
256,683,204,3,61326.92,0
257,432,501,2,27658.49,15
258,410,514,4,60993.62,0
259,113,111,2,46964.53,0
260,353,513,2,16150.54,0
261,695,351,5,13113.6,0
262,445,492,-4,25666.01,0
263,440,254,5,49164.23,0
264,256,288,3,42348.95,5
265,683,440,1,56837.17,30
266,626,186,5,23775.24,0
267,235,124,1,22147.34,10
268,197,150,5,45970.99,5
269,94,53,5,37334.19,10
270,649,237,4,16457.61,25
271,63,438,3,86249.37,0
272,276,373,3,72516.66,20
273,253,328,2,35398.68,0
274,1,54,3,81999.22,5
275,293,484,5,15417.15,0
276,442,190,4,40796.95,15
277,343,312,1,59936.19,30
278,134,340,3,7851.94,50
279,542,381,3,21889.65,5
280,599,394,1,70080.18,0
281,645,124,2,21395.4,5
282,457,102,5,46103.0,50
283,352,309,2,10364.8,30
284,158,45,4,52656.12,30
285,259,356,4,23502.2,0
286,447,70,5,37439.63,30
287,23,171,2,79857.54,10
288,47,63,2,39271.25,20
289,507,77,5,64406.37,20
290,576,400,3,9609.34,5
291,189,4,2,64374.69,50
292,10,467,5,40334.08,10
293,311,226,3,5865.27,30
294,122,176,5,31250.54,5
295,299,41,3,34904.25,0
296,277,53,2,40666.65,5
297,548,119,-3,5495.28,50
298,378,333,5,32145.99,10
299,137,419,-3,57199.08,15
300,59,11,2,9030.53,10
301,181,263,5,36067.67,50
302,109,392,-3,72924.05,50
303,565,212,2,58727.72,15
304,276,209,4,13692.85,0
305,457,238,4,32817.33,15
306,152,491,2,1595.39,25
307,190,181,4,45498.62,0
308,664,289,2,18345.58,0
309,404,193,1,5246.21,20
310,252,466,4,12263.94,0
311,540,141,1,78119.92,50
312,103,387,1,24774.67,0
313,660,45,1,52741.42,10
314,147,14,1,39970.94,0
315,556,347,1,47010.41,5
316,143,492,4,29907.91,0
317,315,340,2,8170.58,0
318,557,274,1,35162.32,0
319,46,106,1,2479.81,30
320,426,146,2,15048.77,0
321,233,438,3,79281.06,10
322,232,394,1,85978.37,25
323,174,113,3,49840.55,15
324,79,342,1,24200.72,0
325,620,155,5,18539.46,15
326,615,186,2,28027.09,10
327,640,294,1,22471.4,10
328,512,378,1,58927.21,0
329,153,151,4,58086.01,25
330,490,69,4,12084.73,10
331,149,93,2,18016.14,0
332,395,362,4,9868.77,25
333,424,342,2,24380.56,20
334,429,510,4,22925.18,30
335,550,236,5,58438.41,20
336,540,225,2,23214.33,15
337,3,209,1,15492.13,15
338,572,486,1,62666.92,0
339,358,370,2,33670.02,10
340,472,148,5,46170.2,20
341,249,216,1,29082.06,0
342,121,147,1,27387.5,20
343,381,56,5,36370.77,0
344,489,162,3,3811.25,0
345,81,251,5,57669.96,20
346,154,187,2,79368.11,30
347,307,482,3,55998.17,25
348,661,14,2,33934.26,0
349,658,33,2,18671.58,30
350,165,12,4,77649.48,25
351,568,265,5,77554.7,10
352,233,434,3,52583.23,0
353,535,387,2,29780.39,5
354,411,58,2,10782.48,30
355,620,80,4,37990.46,25
356,321,415,2,34667.53,0
357,381,435,1,26621.27,0
358,80,372,3,24507.54,0
359,246,289,1,19354.59,0
360,217,12,3,87122.54,5
361,565,207,1,26325.46,5
362,276,88,5,15361.55,0
363,578,496,3,66313.18,0
364,317,9,3,2009.68,20
365,513,200,4,21861.4,15
366,133,100,5,8930.27,0
367,515,154,4,52257.01,25
368,601,39,2,73162.72,25
369,81,96,2,40398.17,5
370,698,145,2,49203.96,30
371,529,350,2,51209.8,15
372,298,369,4,46354.64,0
373,700,397,5,48202.88,50
374,77,157,4,8702.77,0
375,16,147,3,31018.51,30
376,90,511,3,13265.56,0
377,303,166,5,54995.74,15
378,362,92,4,51331.92,10
379,485,263,4,33936.04,0
380,127,500,3,40167.37,20
381,419,133,5,17494.58,50
382,322,383,4,1440.23,30
383,461,270,1,64687.9,50
384,660,59,2,43436.67,30
385,9,159,3,72198.39,20
386,163,409,2,82732.75,20
387,474,96,4,33444.62,30
388,477,112,-1,30903.21,20
389,444,205,1,69850.65,15
390,351,498,4,54569.62,0
391,286,466,2,9181.4,25
392,150,219,1,439.56,50
393,390,64,3,36189.22,20
394,485,219,1,398.89,20
395,277,259,1,74739.39,0
396,71,281,3,29635.61,25
397,430,220,3,64442.37,0
398,56,95,4,79410.22,15
399,305,169,4,20800.11,25
400,487,165,4,71808.2,15
401,585,399,-5,29653.93,50
402,204,80,5,36933.31,50
403,149,332,3,65406.11,0
404,155,470,4,87071.89,15
405,117,417,1,54882.94,25
406,129,461,5,63118.49,0
407,38,224,2,76551.16,20
408,560,171,2,79902.84,15
409,215,196,5,1686.66,0
410,380,373,3,65757.11,30
411,128,512,-4,23141.97,20
412,421,361,5,18057.09,20
413,536,344,-2,8789.3,25
414,439,383,5,1491.2,0
415,556,447,4,40577.26,10
416,636,102,1,62236.09,0
417,666,17,4,43436.66,0
418,509,103,5,59965.63,50
419,34,297,2,8059.21,5
420,466,391,4,59720.27,0
421,360,476,4,59294.3,0
422,384,230,3,30298.43,10
423,315,425,1,19299.03,20
424,34,16,3,35946.92,30
425,615,326,5,35718.28,20
426,248,401,4,43142.89,0
427,592,440,4,55401.94,0
428,413,326,4,37969.47,5
429,102,130,5,45278.56,20
430,643,267,2,68943.31,15
431,209,96,4,30500.6,0
432,644,157,5,7200.27,0
433,586,392,2,53754.45,25
434,650,367,2,47098.98,10
435,199,252,4,42466.47,10
436,676,53,2,35994.03,0
437,654,106,5,2132.89,0
438,110,146,2,16704.18,0
439,80,507,2,29209.21,20
440,104,503,4,28009.32,0
441,499,79,4,48828.68,20
442,322,462,2,52283.02,10
443,11,183,5,22328.66,0
444,121,352,4,27977.55,50
445,615,6,3,29564.97,0
446,198,31,5,59512.97,30
447,157,222,1,41196.28,5
448,31,336,1,58207.86,0
449,275,281,1,30401.44,15
450,565,302,4,78597.79,20
451,525,410,3,27729.89,0
452,203,288,1,44836.44,50
453,602,320,2,56165.47,25
454,444,457,3,60160.87,15
455,638,111,4,44363.78,5
456,581,362,1,10056.36,25
457,172,35,3,91691.8,50
458,420,301,5,29687.68,15
459,408,31,3,51402.67,20
460,191,367,2,48108.3,15
461,381,149,1,10458.26,0
462,327,12,2,86077.75,25
463,582,330,5,25183.43,0
464,395,291,5,55962.49,5
465,106,285,1,19002.89,50
466,662,432,4,33729.48,15
467,328,203,4,71361.88,25
468,48,282,1,46456.08,25
469,176,335,2,47214.08,50
470,22,292,5,65712.98,0
471,473,292,4,68604.16,0
472,547,41,1,31602.72,0
473,482,98,4,32729.08,10
474,282,325,4,44933.05,0
475,570,321,1,30604.9,20
476,306,466,1,10792.15,15
477,633,106,1,2067.59,0
478,143,108,4,4481.51,5
479,175,91,3,36674.67,30
480,6,54,1,71781.32,0
481,50,312,3,59116.25,50
482,389,277,2,9430.23,50
483,472,123,2,59814.39,50
484,424,458,5,67684.5,30
485,247,490,3,17331.15,15
486,495,232,3,6526.84,0
487,362,249,-2,18417.99,0
488,77,507,1,22471.2,5
489,480,395,1,69352.93,15
490,214,321,3,33281.32,25
491,672,158,1,68240.61,0
492,225,373,4,75201.92,50
493,526,208,2,37207.98,0
494,285,434,3,41013.22,50
495,664,105,1,32009.9,0
496,247,17,2,47241.53,10
497,30,488,4,20137.49,15
498,272,122,1,37980.99,15
499,442,218,5,26671.04,20
500,521,342,3,23610.67,15
501,101,51,4,19376.72,5
502,302,194,5,5688.27,10
503,543,506,1,46291.37,0
504,662,255,2,3794.88,0
505,55,37,2,40758.45,0
506,545,104,5,31837.28,20
507,402,403,3,35891.71,25
508,211,176,3,37567.0,10
509,611,295,1,45847.74,0
510,516,489,2,43151.55,0
511,323,72,3,73215.88,25
512,146,14,4,38462.23,15
513,22,182,1,84419.6,0
514,696,10,4,23891.15,50
515,2,501,4,30535.9,0
516,47,18,3,2509.03,5
517,538,516,2,36160.87,0
518,103,312,3,75495.38,25
519,503,360,3,14930.93,25
520,260,374,3,64957.08,10
521,342,496,5,68023.26,0
522,152,421,2,76949.97,15
523,510,32,4,67703.24,15
524,212,92,4,53729.93,0
525,281,461,5,70002.71,0
526,272,358,4,51026.08,50
527,428,283,1,10735.4,50
528,533,352,1,26719.74,20
529,466,356,1,19371.12,25
530,151,478,5,60649.53,10
531,639,167,3,13749.92,0
532,302,16,2,41900.64,10
533,608,127,3,54067.56,0
534,441,361,1,19970.01,0
535,258,142,3,59828.32,30
536,682,159,3,74329.75,0
537,202,443,1,81396.97,10
538,225,33,3,17897.49,5
539,695,396,1,75381.46,10
540,310,319,4,49813.17,15
541,593,143,2,39641.08,10
542,139,427,3,67272.1,10
543,88,305,4,67701.84,30
544,188,385,4,64478.4,0
545,142,453,5,61690.73,15
546,480,363,4,2896.39,20
547,473,29,1,44435.06,20
548,91,144,3,59950.07,5
549,595,383,5,1464.12,50
550,301,55,4,10776.41,0
551,413,7,5,32779.12,25
552,56,87,1,68583.85,15
553,609,100,5,10447.96,25
554,340,63,5,31382.32,30
555,55,210,5,9567.89,25
556,140,229,2,83297.7,10
557,644,319,1,59777.06,25
558,639,206,1,41317.04,0
559,619,124,2,25340.48,5
560,107,486,5,46025.07,25
561,401,57,3,93284.47,20
562,496,189,5,78848.2,10
563,628,450,5,23683.21,0
564,443,150,2,49206.91,0
565,674,247,5,65312.48,5
566,488,492,1,25671.15,50
567,505,377,4,72108.68,20
568,110,476,4,59373.43,0
569,29,291,5,53397.41,20
570,12,311,5,66807.6,25
571,44,364,4,44423.46,25
572,284,10,3,26832.44,30
573,516,216,5,24964.89,20
574,526,65,2,27540.34,15
575,672,348,2,31063.46,10
576,675,311,1,89752.21,25
577,386,484,2,17187.82,50
578,520,266,3,65367.48,50
579,595,357,4,14209.74,0
580,47,31,2,65597.6,5
581,99,109,4,58136.41,15
582,238,243,2,12540.0,20
583,431,66,3,13516.11,0
584,39,75,3,59420.34,50
585,647,31,3,66974.38,0
586,461,387,5,22661.13,30
587,205,201,4,62342.39,10
588,231,207,4,27180.72,30
589,197,89,1,79056.13,5
590,35,144,3,65207.81,20
591,582,74,5,17912.41,25
592,195,213,4,21210.73,30
593,361,366,5,15230.63,0
594,69,450,4,20688.52,0
595,583,81,5,34394.24,10
596,104,121,1,80872.57,50
597,554,339,-3,17513.41,10
598,400,367,2,45061.84,10
599,77,248,5,15305.74,30
600,320,409,5,77025.73,0
601,597,483,3,49712.78,0
602,34,347,2,41061.28,15
603,61,143,3,33777.46,0
604,242,506,5,39579.85,50
605,37,355,4,17623.96,50
606,628,83,4,61612.55,0
607,278,43,4,65130.58,30
608,231,359,3,61713.45,5
609,22,57,2,69178.55,30
610,623,389,1,4967.21,30
611,494,54,4,75030.63,0
612,441,438,1,83706.49,25
613,121,377,3,65041.33,20
614,60,244,5,49195.06,0
615,233,423,5,57259.22,50
616,47,16,2,47739.99,0
617,79,59,2,35342.18,10
618,45,322,2,38532.56,10
619,133,408,1,56487.98,0
620,79,257,2,91436.99,25
621,366,226,3,6167.95,15
622,565,300,2,26360.05,30
623,274,327,5,27776.84,0
624,56,355,5,17222.16,25
625,287,81,2,35373.25,30
626,237,313,2,60004.57,0
627,382,146,2,15252.76,25
628,666,465,1,24930.91,25
629,35,277,4,8211.12,10
630,87,62,5,60110.2,20
631,508,20,4,18438.41,25
632,46,230,2,27312.91,20
633,546,54,-1,81998.5,30
634,357,27,3,60603.77,10
635,606,222,3,39876.75,50
636,445,438,1,89989.47,0
637,567,398,3,20689.95,30
638,475,435,-5,30278.87,30
639,267,167,-4,16907.79,5
640,136,16,3,39489.72,0
641,256,303,4,428.13,0
642,631,281,3,29201.45,50
643,13,128,3,55348.5,10
644,184,455,4,6457.98,0
645,478,38,4,30967.15,30
646,224,419,1,43292.16,10
647,625,322,4,46538.57,0
648,265,283,4,10548.85,0
649,233,179,5,34680.53,0
650,239,118,2,19359.06,30
651,451,325,2,35269.07,0
652,266,264,3,36322.18,30
653,46,241,1,8155.87,30
654,455,116,2,71994.85,5
655,334,381,4,26519.27,0
656,658,437,2,37249.68,0
657,335,369,4,42148.13,15
658,482,302,2,82625.0,15
659,46,298,5,63053.38,0
660,109,217,5,27813.06,30
661,596,353,4,25657.26,50
662,34,154,1,59498.24,0
663,230,516,5,47190.41,20
664,552,125,5,61723.63,0
665,622,484,5,17477.9,25
666,325,276,5,15304.72,10
667,250,337,3,13396.83,5
668,467,323,1,35536.05,5
669,456,420,3,8759.73,30
670,518,79,4,61263.17,50
671,236,460,2,45369.22,50
672,129,251,4,72990.58,50
673,682,142,3,65085.37,15
674,322,121,4,69825.55,30
675,152,507,2,27388.08,0
676,465,16,4,37903.47,10
677,568,482,2,62251.45,0
678,442,25,1,72822.55,0
679,528,398,3,20405.59,0
680,412,248,1,14671.68,15
681,345,111,1,49789.77,0
682,364,460,4,47057.68,20
683,297,489,2,42641.05,50
684,522,86,1,36420.77,50
685,608,379,4,59720.47,20
686,329,450,5,18949.22,10
687,100,238,3,28497.48,0
688,578,437,4,30838.46,15
689,183,147,2,24254.47,20
690,532,285,5,18183.21,15
691,102,356,1,19346.47,10
692,281,499,2,70567.14,10
693,266,109,3,66225.71,0
694,99,212,5,54118.47,0
695,29,41,5,38402.59,30
696,200,7,1,33056.68,15
697,209,289,5,24901.45,20
698,456,130,3,50114.21,0
699,123,456,4,81829.8,10
700,89,141,-1,84458.21,15
701,81,228,3,18916.99,0
702,520,344,5,9325.19,0
703,323,40,-5,41778.67,15
704,195,37,1,45626.78,5
705,141,386,-2,14010.84,5
706,272,482,2,51089.46,25
707,290,135,1,62285.29,30
708,220,4,4,70877.58,30
709,626,214,1,83900.59,20
710,270,390,2,40488.34,15
711,496,185,2,45167.91,10
712,685,497,4,28152.23,50
713,366,493,2,26735.73,0
714,295,430,3,69906.48,5
715,679,436,4,63682.6,15
716,677,117,4,18931.79,0
717,496,501,2,28112.11,0
718,298,275,4,43248.14,0
719,576,331,3,14040.81,20
720,401,453,3,56585.39,0
721,275,498,3,64732.74,0
722,316,459,5,3361.23,0
723,549,212,1,58078.26,50
724,626,338,5,38735.92,0
725,22,389,3,4059.4,15
726,567,65,5,32386.89,5
727,371,204,5,61971.73,20
728,235,298,3,60719.57,15
729,424,221,2,57059.36,0
730,37,21,5,35526.91,0
731,514,408,1,62308.36,0
732,290,309,2,8149.91,0
733,279,127,-4,69814.83,20
734,135,277,1,9903.51,0
735,517,426,5,45623.49,50
736,156,98,4,31820.54,5
737,621,320,4,68944.02,30
738,24,310,2,51736.27,0
739,271,483,4,41736.69,0
740,228,417,4,60689.77,10
741,547,519,1,57306.65,25
742,404,382,1,24435.63,25
743,230,26,2,4021.74,25
744,379,489,3,40847.21,15
745,148,86,2,35655.89,5
746,502,256,4,18448.93,50
747,485,239,4,64082.89,10
748,422,319,2,60167.14,0
749,330,417,3,66734.92,5
750,576,501,3,27618.11,5
751,330,473,5,87051.99,30
752,84,108,1,3764.49,20
753,131,14,1,32445.76,0
754,203,449,1,24563.61,0
755,435,508,5,64793.42,25
756,144,429,-3,4714.02,0
757,446,302,3,85174.02,30
758,331,381,2,24440.41,0
759,298,210,3,10460.41,30
760,620,258,2,77438.73,15
761,139,169,4,23260.43,0
762,326,427,4,59158.84,0
763,6,320,2,67224.56,0
764,551,470,1,72030.36,50
765,480,161,5,67739.77,5
766,354,15,3,45605.24,10
767,437,314,4,73506.96,10
768,575,208,2,29371.17,0
769,222,287,5,28759.19,0
770,130,393,5,35940.63,50
771,284,485,1,34743.2,5
772,222,94,5,43729.48,0
773,147,169,1,22891.02,15
774,80,54,4,68652.47,20
775,681,484,5,15672.3,0
776,247,403,4,39620.29,25
777,364,320,3,70056.04,30
778,81,220,3,70151.22,0
779,448,453,3,57817.32,0
780,572,446,2,66835.4,0
781,375,478,3,62332.74,20
782,219,196,2,1404.88,0
783,201,453,2,55366.5,0
784,601,318,3,27764.99,10
785,515,14,1,37754.77,10
786,658,491,3,1778.82,10
787,641,59,1,46468.5,25
788,623,466,4,10781.4,30
789,107,40,5,40886.28,0
790,182,135,1,59667.61,0
791,455,64,5,29740.86,10
792,199,18,3,2320.54,0
793,601,376,4,32783.05,20
794,684,63,5,30720.11,0
795,274,86,1,36694.19,10
796,624,204,4,56782.28,0
797,651,4,5,67958.1,15
798,121,350,1,51529.92,50
799,475,91,1,35674.62,0
800,89,191,1,63369.55,0
801,11,223,4,9448.08,0
802,253,316,2,45750.24,0
803,318,55,3,9552.51,0
804,286,144,4,59001.53,5
805,193,280,2,38416.27,10
806,266,451,4,43357.49,15
807,593,373,5,74263.11,25
808,647,175,5,66983.74,20
809,160,216,4,30508.36,15
810,662,296,5,2750.12,30
811,276,93,2,19206.65,10
812,224,479,1,1791.76,30
813,675,191,4,66848.04,50
814,331,382,5,22970.7,0
815,331,108,1,4021.79,0
816,432,487,1,67455.02,0
817,367,314,5,68363.21,0
818,23,450,4,23335.8,50
819,590,446,4,68478.6,5
820,259,383,4,1722.62,20
821,308,42,2,2500.93,30
822,111,432,3,31060.06,50
823,411,30,2,58818.65,10
824,612,204,5,61381.49,0
825,134,342,1,30266.66,0
826,317,145,4,49687.41,20
827,170,472,2,41014.41,5
828,177,309,2,9044.84,5
829,209,448,2,6789.27,0
830,569,384,2,12901.42,15
831,103,483,4,44202.74,5
832,484,386,2,13844.2,0
833,397,132,2,19779.95,20
834,335,290,4,66047.29,50
835,404,74,5,17950.49,0
836,228,183,3,23079.91,15
837,349,514,5,62801.07,50
838,408,80,2,36064.17,25
839,193,46,4,58647.77,0
840,348,394,4,85110.69,0
841,292,319,4,53710.7,0
842,268,432,4,28493.37,30
843,109,477,3,78864.99,0
844,672,415,1,34424.61,0
845,327,132,4,21544.14,25
846,12,498,4,63266.69,20
847,56,311,1,76892.0,50
848,462,515,4,37098.39,15
849,548,374,2,57477.68,20
850,545,393,1,42668.07,0
851,8,346,5,92651.73,10
852,203,466,4,10585.26,10
853,41,125,4,62091.84,15
854,52,379,3,51924.44,10
855,25,274,3,30204.99,20
856,18,458,1,60470.45,50
857,115,366,5,15774.9,20
858,255,180,1,8228.73,0
859,149,506,3,44973.51,15
860,470,250,5,67310.07,50
861,470,42,3,1866.73,0
862,151,104,1,33034.44,15
863,653,310,1,54451.07,0
864,264,82,4,57761.6,0
865,197,268,-5,86474.62,30
866,553,250,1,62960.36,15
867,588,485,4,34817.38,10
868,191,284,1,19018.81,50
869,409,186,3,28016.48,0
870,417,213,4,17467.54,0
871,282,274,3,33339.11,0
872,227,231,3,59570.87,5
873,66,295,5,45768.03,25
874,603,431,3,82746.68,30
875,399,488,1,21814.78,15
876,349,328,4,29769.42,0
877,474,511,2,13848.94,20
878,262,413,5,4866.7,0
879,647,499,3,73451.81,0
880,213,379,3,52880.61,25
881,691,479,5,1644.62,50
882,171,361,4,19377.83,0
883,291,503,4,29632.86,30
884,135,388,1,59534.42,0
885,406,224,1,64159.2,50
886,297,183,4,23753.89,30
887,419,361,4,20535.29,50
888,286,328,1,34120.4,15
889,515,402,4,11689.31,25
890,476,294,4,26168.36,0
891,182,410,5,22675.38,15
892,476,177,1,19400.63,20
893,595,429,-4,5631.06,5
894,652,30,2,68656.07,50
895,635,516,5,47204.98,50
896,419,24,2,26816.66,0
897,583,484,3,17614.72,0
898,616,399,2,27275.71,0
899,469,378,2,55382.87,0
900,484,205,3,67989.36,0
901,32,212,4,54561.46,5
902,618,455,2,7585.54,25
903,513,114,3,80917.77,0
904,251,474,1,12967.24,0
905,34,417,4,66649.92,20
906,73,428,5,89001.55,0
907,622,25,1,67179.0,10
908,408,41,5,31886.57,25
909,439,128,3,51418.02,50
910,115,174,3,5810.85,0
911,249,495,1,60637.61,15
912,658,76,4,29873.43,5
913,267,351,4,12523.32,15
914,462,265,5,69722.26,0
915,144,152,1,67173.73,5
916,380,372,3,25365.74,0
917,582,313,4,55152.76,10
918,159,132,3,18597.32,20
919,264,234,2,11617.09,50
920,311,152,3,68537.04,15
921,521,416,2,70165.51,15
922,660,160,5,56407.77,15
923,536,384,4,14781.0,0
924,538,494,4,17463.6,0
925,685,67,3,19517.88,5
926,230,154,1,57415.97,5
927,366,511,1,15093.98,30
928,234,208,1,32562.41,20
929,642,102,5,61476.57,0
930,278,82,1,60036.1,25
931,581,254,2,43386.29,5
932,234,468,5,45478.41,10
933,566,285,2,15373.4,0
934,136,311,2,67498.52,5
935,600,489,5,39552.11,0
936,327,75,1,54560.92,25
937,86,488,5,17230.32,50
938,221,499,1,67292.54,50
939,441,115,4,82640.18,5
940,604,468,3,59037.25,20
941,616,278,2,21555.98,15
942,520,495,3,67305.44,10
943,545,255,5,3127.77,30
944,317,451,2,41004.05,25
945,7,327,5,29446.84,25
946,508,168,4,54285.36,10
947,97,454,5,50276.96,0
948,199,112,2,38824.23,10
949,514,313,5,52327.31,25
950,106,308,2,64124.77,50
951,689,159,2,60987.33,20
952,176,162,2,4666.05,15
953,529,486,4,57242.03,10
954,235,270,3,57048.37,15
955,149,314,3,72663.14,15
956,461,316,4,40194.59,20
957,6,414,4,38206.52,15
958,662,144,-3,66752.43,0
959,208,214,3,82668.99,10
960,383,25,4,64561.12,15
961,572,205,5,79203.69,30
962,451,281,-2,26650.32,0
963,334,492,5,31548.2,25
964,48,400,4,10542.03,5
965,287,385,1,50510.71,15
966,283,379,3,55360.28,0
967,484,138,1,77840.3,15
968,424,156,5,18951.22,10
969,588,205,4,73637.55,5
970,336,267,3,63240.25,0
971,144,70,3,42219.49,15
972,457,220,4,54741.56,5
973,472,371,3,72.19,10
974,619,24,4,25096.73,20
975,406,499,-5,79031.51,0
976,525,383,4,1403.5,0
977,517,335,4,50199.41,10
978,589,342,1,28871.08,50
979,95,116,5,72481.46,0
980,588,480,2,17475.78,0
981,442,284,2,18795.79,15
982,75,187,3,84039.84,25
983,541,443,4,89279.95,50
984,301,7,4,34526.28,0
985,9,231,2,66614.65,10
986,229,335,2,46331.73,50
987,364,157,2,7649.08,5
988,316,186,5,23014.8,50
989,41,131,1,74970.01,15
990,323,236,2,63875.23,10
991,168,435,2,34328.76,5
992,364,28,4,29810.0,0
993,385,27,2,52452.96,20
994,51,458,2,62862.12,5
995,390,128,2,51209.75,30
996,593,125,2,49304.87,0
997,501,367,3,56771.35,20
998,196,216,5,30434.41,15
999,490,262,4,76316.93,0
1000,8,390,4,42678.65,0
1001,364,370,1,34629.2,20
1002,668,308,1,51270.89,20
1003,483,17,3,48025.01,15
1004,47,145,2,50367.15,50
1005,10,132,2,21158.3,25
1006,40,63,2,36947.93,10
1007,381,425,4,20195.29,0
1008,179,156,2,18221.89,15
1009,113,167,2,12433.86,10
1010,414,383,3,1890.73,50
1011,329,30,3,72211.54,0
1012,482,36,2,52783.0,20
1013,48,387,5,27964.79,0
1014,162,103,2,48334.08,0
1015,430,68,4,9339.83,25
1016,426,451,5,41356.66,0
1017,319,488,3,18933.29,0
1018,331,375,1,35484.56,25
1019,505,201,5,59530.33,0
1020,147,231,1,74411.04,20
1021,290,108,3,3542.35,0
1022,676,309,4,9111.49,50
1023,533,274,2,36624.99,15
1024,433,384,5,16208.06,0
1025,395,50,2,81369.53,0
1026,147,35,2,88489.36,0
1027,407,331,4,12795.34,25
1028,353,193,5,6363.92,20
1029,463,220,3,60117.49,30
1030,451,121,5,87392.86,15
1031,346,191,4,61997.26,30
1032,468,99,3,76468.11,30
1033,270,65,4,33668.28,0
1034,557,130,4,39216.29,0
1035,124,303,3,396.87,10
1036,464,447,1,42949.84,30
1037,187,408,5,62842.35,5
1038,146,228,2,19196.75,15
1039,539,156,-5,17232.28,30
1040,49,372,5,24013.06,0
1041,384,163,2,62307.62,50
1042,232,156,5,17110.37,20
1043,208,286,4,43201.27,10
1044,400,432,4,35934.01,15
1045,140,308,3,47054.85,30
1046,685,320,5,57055.08,50
1047,69,61,2,68060.54,0
1048,493,165,2,67709.18,20
1049,164,430,2,58436.35,5
1050,359,73,3,71214.09,0
1051,412,127,-5,68011.36,0
1052,211,455,3,5772.63,15
1053,12,121,5,81452.66,0
1054,644,483,4,39681.27,10
1055,128,466,3,9589.86,10
1056,42,391,3,75902.03,0
1057,642,478,2,55870.76,25
1058,299,231,1,71254.51,50
1059,614,372,4,21699.71,20
1060,432,59,3,42079.75,10
1061,258,337,-3,14242.06,15
1062,86,14,4,31717.94,5
1063,600,507,4,23855.31,10
1064,107,500,5,48232.55,20
1065,622,392,1,54104.6,50
1066,659,101,1,70663.94,5
1067,370,432,1,35116.63,15
1068,663,451,5,52392.87,30
1069,39,409,4,81745.88,0
1070,222,186,3,22349.84,0
1071,300,423,4,58202.6,10
1072,368,353,2,21344.51,10
1073,457,49,3,20161.29,0
1074,215,330,3,24031.25,0
1075,512,92,5,56464.33,30
1076,234,325,1,45951.28,0
1077,655,416,4,66369.78,0
1078,392,208,4,31459.42,15
1079,346,449,2,24750.28,0
1080,331,17,5,36523.92,10
1081,519,304,5,49992.8,0
1082,408,78,1,3672.02,50
1083,680,415,2,34923.27,15
1084,546,363,4,2866.38,0
1085,301,85,2,55897.69,25
1086,42,252,3,40158.98,0
1087,507,230,2,33519.92,5
1088,232,451,2,49251.28,0
1089,13,304,1,42248.75,50
1090,495,450,5,20598.46,50
1091,197,423,5,47526.84,50
1092,410,397,3,56959.47,10
1093,442,380,2,32592.7,15
1094,554,366,2,12632.53,15
1095,253,132,5,18253.84,25
1096,549,322,5,35284.93,5
1097,357,230,5,29880.28,0
1098,472,449,4,21891.49,0
1099,176,23,5,80800.68,0
1100,356,489,2,44834.4,0
1101,699,363,3,2544.68,50
1102,259,29,4,41886.08,20
1103,137,406,4,23738.05,10
1104,552,312,5,64857.79,30
1105,417,148,5,45231.33,15
1106,7,55,3,10635.73,50
1107,123,73,5,81135.04,20
1108,166,200,5,21361.16,0
1109,186,31,-4,61696.99,0
1110,340,92,4,51781.93,50
1111,397,418,4,15109.2,0
1112,352,188,3,44903.34,0
1113,441,259,2,71554.12,10
1114,412,206,1,43048.96,15
1115,463,97,1,70849.19,50
1116,63,61,1,66570.95,0
1117,2,13,4,50394.49,10
1118,29,384,2,17206.5,5
1119,652,511,2,13704.5,15
1120,100,159,5,66832.33,0
1121,452,182,4,73250.1,0
1122,638,40,1,48794.34,10
1123,299,111,2,40741.55,50
1124,531,172,4,4818.92,5
1125,618,159,3,75254.45,25
1126,675,399,1,29312.03,30
1127,68,347,2,38644.97,5
1128,503,193,1,6694.36,15
1129,61,492,5,30370.12,0
1130,533,94,3,40391.4,30
1131,577,404,2,5440.96,10
1132,329,139,2,56122.69,10
1133,642,437,4,32130.06,0
1134,503,25,3,68361.86,30
1135,496,399,3,25115.15,0
1136,541,43,1,67188.06,10
1137,602,178,1,31184.69,30
1138,29,49,4,24657.26,5
1139,361,54,4,86163.33,30
1140,537,183,1,21280.56,5
1141,102,469,2,6854.26,15
1142,75,209,5,13315.79,50
1143,16,47,2,47673.56,0
1144,298,5,3,53470.97,0
1145,400,234,4,13162.91,0
1146,160,146,-5,18565.81,10
1147,433,318,3,26575.31,20
1148,11,426,4,59854.1,10
1149,195,500,1,43477.05,20
1150,43,460,2,36444.12,0
1151,653,118,4,16106.64,0
1152,188,336,3,58830.13,20
1153,292,294,5,21978.62,10
1154,112,123,2,65805.49,0
1155,569,510,5,20421.3,0
1156,481,491,2,1604.81,0
1157,398,189,1,61642.18,5
1158,447,380,2,33414.13,25
1159,612,43,5,78815.25,5
1160,216,326,1,32118.43,0
1161,350,257,3,91004.38,25
1162,206,58,2,11452.5,10
1163,518,66,2,14359.4,15
1164,674,450,4,17899.12,0
1165,252,295,2,43380.33,30
1166,326,59,1,35139.92,20
1167,531,18,2,2550.26,15
1168,380,40,1,37726.64,5
1169,7,391,1,57235.78,20
1170,581,123,1,76111.84,50
1171,559,76,4,25527.43,50
1172,661,396,5,71835.41,20
1173,461,244,5,57151.57,10
1174,354,466,2,10741.86,25
1175,550,369,3,40527.46,0
1176,398,264,3,48550.97,0
1177,443,308,4,49699.11,20
1178,555,233,2,22912.53,15
1179,214,416,4,68873.65,25
1180,464,455,4,7505.65,15
1181,346,334,2,19933.24,30
1182,211,252,2,35875.57,50
1183,200,373,5,88364.32,20
1184,384,315,2,66870.02,25
1185,112,464,5,36726.19,20
1186,53,205,5,65496.2,0
1187,676,394,4,92617.19,0
1188,454,25,4,72910.58,50
1189,684,177,5,16944.59,0
1190,657,412,2,73350.06,0
1191,422,325,2,41061.79,25
1192,324,37,1,42072.79,0
1193,22,9,1,1975.37,15
1194,93,321,3,34998.3,5
1195,155,219,1,437.63,15
1196,639,324,-4,44591.21,25
1197,347,180,1,8869.96,30
1198,164,156,-1,15023.97,30
1199,634,420,5,8148.41,25
1200,288,256,2,24685.39,25
1201,100,41,4,29398.34,25
1202,389,489,-1,35703.89,50
1203,372,452,2,27579.03,25
1204,21,504,5,40711.06,15
1205,348,88,1,14969.39,0
1206,139,308,2,59518.93,0
1207,685,202,3,20940.74,10
1208,86,364,4,39878.23,0
1209,637,428,3,89866.13,10
1210,197,287,1,37213.86,25
1211,327,171,2,66007.3,10
1212,270,460,3,48218.15,0
1213,280,470,3,80224.45,30
1214,33,134,5,31325.15,0
1215,588,20,2,15417.44,25
1216,390,398,3,15284.6,20
1217,344,376,4,35843.81,20
1218,351,136,3,62223.7,30
1219,198,501,1,25267.45,25
1220,688,87,3,88310.54,30
1221,117,24,1,31338.6,5
1222,77,182,2,70046.86,50
1223,243,90,1,62030.2,0
1224,350,73,4,69420.56,15
1225,681,109,1,60289.3,0
1226,205,84,1,10204.76,0
1227,444,239,1,67791.02,20
1228,329,198,2,57389.84,25
1229,620,191,-5,66715.72,0
1230,454,190,1,44506.71,0
1231,203,270,5,50866.14,50
1232,194,127,1,67532.38,5
1233,192,330,2,24144.85,0
1234,405,304,5,47650.13,10
1235,224,437,3,30466.04,5
1236,544,8,-3,20648.62,10
1237,166,67,4,17627.01,15
1238,62,441,4,17174.53,0
1239,691,91,3,38373.58,50
1240,695,68,3,10938.93,25
1241,367,492,3,26396.53,25
1242,321,195,2,29202.47,0
1243,362,420,4,9069.19,15
1244,413,475,4,63388.74,25
1245,157,146,4,19384.58,20
1246,26,143,4,40925.51,0
1247,410,375,2,25958.37,0
1248,608,189,1,64757.63,20
1249,484,154,2,57265.53,0
1250,510,402,5,11408.57,10
1251,234,195,4,31913.5,20
1252,446,164,1,74892.18,15
1253,109,69,4,15887.52,50
1254,297,145,4,41305.09,5
1255,427,503,3,21469.01,0
1256,347,319,4,59136.62,50
1257,125,133,3,18013.1,15
1258,132,379,4,57712.58,0
1259,19,458,2,61423.13,5
1260,335,240,3,82499.53,25
1261,288,349,3,73450.81,5
1262,131,330,5,24329.36,5
1263,608,243,2,15875.95,25
1264,577,482,3,65039.07,30
1265,98,394,5,87660.28,15
1266,84,503,3,25228.01,0
1267,461,399,3,29253.85,0
1268,373,61,2,62275.17,0
1269,336,365,4,40643.48,30
1270,150,280,4,39232.81,15
1271,620,205,2,79833.48,50
1272,620,124,1,23493.09,5
1273,537,517,4,2531.43,20
1274,12,306,2,19069.95,10
1275,26,30,4,69364.58,0
1276,378,477,2,78151.08,25
1277,641,392,5,64792.88,25
1278,322,111,4,48987.02,10
1279,203,465,5,20182.33,0
1280,331,18,3,2152.82,30
1281,489,378,4,45563.34,30
1282,27,445,4,26014.53,0
1283,335,36,3,51317.98,50
1284,583,41,1,37565.84,0
1285,509,66,2,17982.89,0
1286,105,168,2,69400.08,0
1287,369,366,4,13885.51,15
1288,72,505,1,74474.35,30
1289,427,406,5,27845.08,0
1290,213,460,3,36853.74,5
1291,246,58,5,12437.48,0
1292,54,231,1,70232.68,5
1293,239,157,2,9782.85,30
1294,328,331,4,14668.4,0
1295,523,297,4,7208.93,30
1296,70,42,1,1954.38,5
1297,236,504,1,29790.35,50
1298,377,169,2,22299.81,30
1299,8,289,3,20087.15,30
1300,398,164,5,83444.4,10
1301,343,201,3,63997.79,20
1302,123,293,4,35680.09,50
1303,668,416,1,63863.18,0
1304,397,110,2,50349.98,5
1305,584,306,2,22942.39,50
1306,311,370,2,29862.49,50
1307,259,223,3,9072.8,0
1308,222,186,2,29594.58,25
1309,398,336,4,65106.91,50
1310,170,504,5,35289.03,10
1311,684,255,1,2843.28,0
1312,32,52,-3,34296.36,0
1313,311,456,5,69774.05,0
1314,100,55,2,9515.86,20
1315,382,78,1,3780.49,10
1316,36,123,3,63734.48,25
1317,210,124,1,28632.97,25
1318,179,15,2,34931.4,25
1319,594,280,5,31563.23,25
1320,65,157,4,7723.3,20
1321,31,39,4,78492.54,20
1322,180,14,1,37396.44,0
1323,288,289,2,23314.13,10
1324,25,279,2,58163.14,5
1325,459,2,1,72738.3,50
1326,446,501,1,29812.27,10
1327,373,91,4,42107.54,25
1328,558,168,3,58146.24,30
1329,554,150,3,44343.09,20
1330,179,412,3,68594.76,10
1331,152,507,4,27758.16,15
1332,443,89,2,79561.15,15
1333,368,478,5,56336.59,0
1334,44,352,2,24135.69,50
1335,350,164,-5,83844.98,0
1336,211,406,4,22594.64,0
1337,514,43,5,75305.82,0
1338,261,169,3,24886.68,25
1339,120,334,3,20344.67,30
1340,405,403,3,37482.64,20
1341,109,232,4,7879.54,0
1342,193,1,5,38636.63,0
1343,508,148,3,47267.56,5
1344,416,311,5,87217.68,0
1345,196,25,3,57703.7,0
1346,213,191,1,74621.78,0
1347,260,464,-4,45094.01,15
1348,678,413,5,4825.9,10
1349,352,398,3,17283.58,20
1350,635,490,5,17190.8,0
1351,696,504,4,41064.55,15
1352,360,32,4,67979.24,20
1353,552,101,5,67212.78,50
1354,360,503,4,29674.3,0
1355,500,89,5,76354.22,0
1356,85,252,1,42440.15,25
1357,389,346,4,73960.84,0
1358,331,318,4,29923.17,5
1359,629,421,2,59779.4,50
1360,692,29,4,44729.49,0
1361,515,186,5,26153.53,20
1362,549,50,1,68228.21,30
1363,503,179,3,44374.03,0
1364,41,298,4,57098.93,0
1365,159,79,4,48631.43,5
1366,6,397,2,57458.76,20
1367,45,310,3,50065.64,50
1368,506,235,-1,15874.12,0
1369,169,143,5,32893.37,50
1370,25,449,4,21884.41,0
1371,538,378,1,53892.5,20
1372,486,35,5,73967.61,20
1373,69,67,3,17799.58,25
1374,411,520,2,46006.53,0
1375,25,166,2,55377.56,5
1376,457,383,4,1698.84,0
1377,673,190,1,45589.7,30
1378,41,238,3,27549.52,0
1379,401,12,5,77004.17,0
1380,116,273,1,77191.12,10
1381,141,328,4,35661.56,5
1382,194,487,2,70805.59,0
1383,177,398,5,18334.09,0
1384,150,131,2,82665.75,0
1385,490,75,2,61891.24,20
1386,641,371,3,87.3,20
1387,62,443,3,67342.22,20
1388,29,198,3,61092.88,20
1389,461,231,2,76480.31,25
1390,630,417,-2,62345.88,5
1391,614,295,1,42547.96,20
1392,615,32,5,71885.2,0
1393,150,41,4,31953.73,10
1394,476,350,5,48754.5,50
1395,335,316,4,45993.91,30
1396,500,396,5,83857.22,30
1397,699,141,1,71992.87,25
1398,351,65,3,28318.07,10
1399,296,234,3,12898.82,5
1400,580,196,3,1388.65,5
1401,344,422,5,8248.82,20
1402,686,193,2,6642.92,10
1403,195,371,5,81.68,15
1404,210,474,2,12412.18,0
1405,299,253,3,62141.72,0
1406,664,509,4,35089.44,25
1407,278,471,2,35410.01,10
1408,621,74,4,17367.08,30
1409,403,4,3,62159.22,25
1410,466,284,4,19078.26,5
1411,273,53,4,44979.61,50
1412,111,488,3,18731.04,0
1413,144,186,1,23205.58,0
1414,72,285,5,15466.93,10
1415,131,99,4,82582.0,5
1416,41,62,3,54400.9,50
1417,284,292,-2,76232.77,5
1418,634,274,3,38480.38,5
1419,156,24,-3,28945.64,5
1420,176,393,5,34358.65,0
1421,165,94,5,39233.61,10
1422,498,128,4,51264.51,5
1423,248,471,-2,36236.58,5
1424,287,110,3,39059.22,20
1425,594,396,2,75978.87,0
1426,84,419,4,54120.26,0
1427,394,390,3,32763.17,5
1428,690,504,5,34783.07,15
1429,330,22,5,20005.67,20
1430,453,211,1,67328.97,50
1431,700,387,4,22957.5,5
1432,224,322,3,38580.28,5
1433,298,237,4,17391.91,0
1434,577,250,1,62015.32,25
1435,23,399,3,27447.73,20
1436,21,503,4,25007.36,20
1437,92,448,2,7212.06,10
1438,376,267,2,61652.38,5
1439,600,201,4,75516.82,15
1440,50,235,2,12845.06,0
1441,631,52,5,28198.54,10
1442,464,153,4,11232.61,10
1443,191,235,2,14396.32,30
1444,69,238,5,34235.74,0
1445,587,181,4,47146.26,20
1446,172,242,2,58003.05,50
1447,79,69,3,15071.91,0
1448,547,128,5,64478.29,15
1449,184,157,2,8610.12,5
1450,9,334,3,21109.29,30
1451,22,513,1,19236.19,20
1452,139,172,2,3631.01,0
1453,248,377,3,70009.46,25
1454,252,466,1,9665.85,5
1455,166,44,4,50156.29,0
1456,1,295,4,42041.17,20
1457,564,414,4,50403.48,30
1458,363,415,5,33892.54,20
1459,171,516,2,45332.66,0
1460,212,76,3,31276.57,10
1461,119,423,3,50933.49,15
1462,25,323,1,32729.01,5
1463,446,151,5,60705.39,0
1464,665,310,2,53972.6,0
1465,233,450,4,19477.67,25
1466,477,381,4,26936.45,0
1467,426,53,2,35617.64,0
1468,303,384,4,13144.15,20
1469,670,444,3,42388.25,15
1470,525,489,4,34002.09,0
1471,361,340,5,7402.03,0
1472,12,104,5,30380.7,10
1473,62,26,5,4174.5,15
1474,25,460,5,40171.07,25
1475,356,335,1,42619.14,30
1476,600,127,4,71276.74,20
1477,527,38,5,28332.81,50
1478,519,69,2,16094.44,20
1479,339,451,3,50535.89,0
1480,146,202,4,15770.44,10
1481,404,226,3,5341.92,0
1482,137,200,2,22652.84,20
1483,156,438,3,83639.4,5
1484,1,68,1,9518.3,10
1485,495,68,2,9713.3,25
1486,117,82,3,54910.71,50
1487,382,481,3,45833.21,50
1488,572,339,3,21650.31,30
1489,160,286,2,55762.5,5
1490,23,445,3,24690.75,30
1491,308,511,4,17664.51,0
1492,606,308,3,61807.33,0
1493,152,229,2,82077.08,5
1494,476,157,5,9703.78,30
1495,372,423,4,57173.37,50
1496,340,307,2,34460.48,50
1497,493,68,1,11659.26,20
1498,416,443,4,70222.47,0
1499,342,380,2,29843.73,25
1500,504,406,4,26935.54,20
1501,241,294,2,21657.72,15
1502,164,335,1,47248.21,0
1503,85,85,1,65067.58,0
1504,554,439,1,45303.39,0
1505,53,3,1,63721.44,0
1506,299,376,3,34516.16,50
1507,90,42,3,1929.62,15
1508,103,40,1,49647.3,0
1509,630,1,2,37832.77,0
1510,401,503,5,22259.48,10
1511,631,74,3,20949.64,0
1512,67,474,3,12508.79,0
1513,659,99,2,72397.56,10
1514,33,403,2,46035.03,25
1515,464,368,3,60589.23,10
1516,670,411,2,15037.78,10
1517,683,335,4,41503.13,0
1518,159,38,5,23171.97,0
1519,152,111,2,49847.16,0
1520,76,290,3,65080.17,50
1521,245,494,1,19125.89,30
1522,602,310,2,63865.58,25
1523,672,35,4,76193.78,5
1524,354,68,3,9117.54,20
1525,192,510,4,22367.72,15
1526,461,137,4,470.36,15
1527,581,189,2,59863.11,10
1528,426,96,3,35033.15,0
1529,44,144,5,52856.39,25
1530,285,208,4,36547.21,0
1531,10,370,5,32311.22,15
1532,346,3,5,56003.31,5
1533,217,152,5,63042.43,10
1534,544,401,5,54083.58,50
1535,627,202,1,17805.18,25
1536,606,298,4,55971.52,0
1537,292,341,5,33142.04,0
1538,486,428,5,88278.87,50
1539,237,323,2,36467.69,25
1540,272,308,1,63461.29,5
1541,685,261,1,52570.17,30
1542,235,42,4,1969.75,5
1543,407,3,1,62854.13,10
1544,549,427,3,55635.36,50
1545,680,53,-5,38812.89,5
1546,547,295,2,46485.99,20
1547,575,337,2,13081.67,0
1548,440,82,2,49110.69,25
1549,22,102,3,47066.93,0
1550,674,300,4,24842.43,0
1551,437,209,3,14336.62,0
1552,296,317,5,19902.36,0
1553,79,160,1,61542.69,5
1554,68,277,1,10202.45,25
1555,346,125,5,55427.62,25
1556,524,126,5,66967.52,10
1557,86,365,3,40212.6,0
1558,398,194,3,5962.49,0
1559,636,89,2,89386.81,0
1560,351,165,5,62763.65,5
1561,491,360,4,10887.96,20
1562,107,413,2,5205.39,50
1563,653,496,1,84866.51,5
1564,673,507,4,26742.31,20
1565,330,378,1,46532.27,0
1566,464,193,3,5114.84,0
1567,681,382,4,23596.26,0
1568,323,475,1,48885.55,50
1569,534,120,4,7546.99,25
1570,567,349,1,62725.08,15
1571,252,320,4,63831.71,10
1572,40,110,3,39849.11,0
1573,265,389,3,5454.1,15
1574,422,77,3,83569.44,0
1575,511,316,4,44419.61,0
1576,27,292,1,73626.9,0
1577,538,103,1,54870.03,10
1578,342,326,2,42555.36,50
1579,218,81,3,35731.77,10
1580,564,82,5,57331.23,50
1581,560,305,3,75066.87,0
1582,414,42,4,2033.65,0
1583,674,342,1,25564.63,0
1584,71,97,5,80629.97,0
1585,110,489,3,34028.29,20
1586,555,110,5,43045.15,30
1587,254,84,2,10757.55,50
1588,107,18,2,2431.13,0
1589,699,245,-1,36072.11,30
1590,280,193,2,6091.99,0
1591,441,217,4,26202.48,5
1592,541,300,4,22321.19,50
1593,422,295,5,39373.29,0
1594,431,262,4,79793.76,0
1595,118,416,3,72797.71,0
1596,591,189,5,78712.15,0
1597,688,255,1,2902.43,5
1598,256,48,4,16135.24,0
1599,224,284,5,21867.08,0
1600,668,216,1,28131.52,20
OI9991,O9999,1,1,1000.0,10
OI9992,1,2,0,2000.0,5
OI9993,2,3,1,1500.0,120
