order_id,customer_id,order_date,status,region_code
1,53.0,2024-10-04 20:38:10,DELIVERED,EAST
2,296.0,2025-11-24 05:42:46,DELIVERED,NORTH
3,208.0,2024-07-23 09:19:24,PLACED,EAST
4,470.0,2024-01-19 23:08:18,DELIVERED,WEST
5,6.0,2026-04-24 07:11:30,DELIVERED,WEST
6,223.0,2025-01-04 12:44:52,DELIVERED,WEST
7,420.0,2025-12-05 20:35:48,DELIVERED,CENTRAL
8,7.0,2026-07-21 05:25:41,SHIPPED,CENTRAL
9,213.0,2025-03-08 00:48:06,PLACED,SOUTH
10,358.0,2024-03-26 12:55:56,PLACED,NORTH
11,306.0,2026-06-17 00:51:30,DELIVERED,NORTH
12,112.0,2024-03-17 04:01:18,DELIVERED,SOUTH
13,292.0,2024-09-07 15:00:47,DELIVERED,CENTRAL
14,182.0,2026-06-08 00:14:28,RETURNED,CENTRAL
15,37.0,2025-07-13 12:48:21,PLACED,EAST
16,378.0,2025-05-16 11:40:15,CANCELLED,NORTH
17,67.0,2025-10-25 19:47:14,SHIPPED,SOUTH
18,282.0,2024-07-08 13:21:20,DELIVERED,WEST
19,215.0,2026-03-26 00:13:42,DELIVERED,CENTRAL
20,112.0,2024-03-31 09:16:43,DELIVERED,CENTRAL
21,496.0,2024-05-16 04:33:53,DELIVERED,CENTRAL
22,438.0,2025-03-22 03:07:07,DELIVERED,EAST
23,539.0,2025-02-07 08:49:40,DELIVERED,CENTRAL
24,133.0,2025-07-03 16:36:31,DELIVERED,WEST
25,510.0,2026-03-18 08:02:11,DELIVERED,SOUTH
26,298.0,,RETURNED,NORTH
27,25.0,2024-07-02 15:04:53,DELIVERED,NORTH
28,425.0,2024-11-18 01:51:13,DELIVERED,EAST
29,218.0,2025-06-27 03:53:54,PLACED,SOUTH
30,261.0,2025-03-13 11:48:16,DELIVERED,EAST
31,519.0,2025-04-11 11:23:55,DELIVERED,NORTH
32,342.0,2024-06-25 20:08:31,DELIVERED,CENTRAL
33,180.0,2024-02-15 05:34:28,SHIPPED,EAST
34,486.0,2026-01-14 06:27:03,DELIVERED,SOUTH
35,160.0,2026-01-17 23:27:15,DELIVERED,CENTRAL
36,474.0,2025-06-04 13:47:36,DELIVERED,WEST
37,534.0,2024-03-28 00:39:43,SHIPPED,EAST
38,549.0,2026-05-12 10:30:23,PLACED,CENTRAL
39,363.0,2025-05-30 07:23:29,PLACED,SOUTH
40,UNKNOWN,2025-03-11 16:18:27,CANCELLED,EAST
41,UNKNOWN,2025-08-05 21:59:24,DELIVERED,SOUTH
42,399.0,2026-06-05 23:44:18,SHIPPED,NORTH
43,UNKNOWN,2025-04-23 21:33:51,DELIVERED,EAST
44,UNKNOWN,2024-02-19 03:11:07,SHIPPED,NORTH
45,244.0,,DELIVERED,EAST
46,538.0,2024-12-01 18:16:43,DELIVERED,NORTH
47,39.0,2025-08-04 07:46:19,DELIVERED,NORTH
48,519.0,2025-11-20 09:05:50,PLACED,WEST
49,158.0,2026-02-15 19:22:33,SHIPPED,WEST
50,318.0,2026-03-24 10:15:55,DELIVERED,SOUTH
51,UNKNOWN,2024-06-01 15:05:01,CANCELLED,CENTRAL
52,211.0,2024-07-25 04:03:15,DELIVERED,WEST
53,535.0,2025-08-25 02:20:09,PLACED,EAST
54,90.0,2024-03-09 09:33:21,DELIVERED,NORTH
55,534.0,2024-06-09 03:57:07,DELIVERED,EAST
56,320.0,,DELIVERED,SOUTH
57,206.0,2025-05-13 11:17:14,SHIPPED,EAST
58,327.0,2026-04-06 20:40:49,DELIVERED,NORTH
59,153.0,2025-02-27 13:17:08,SHIPPED,NORTH
60,527.0,2024-01-24 16:48:41,PLACED,CENTRAL
61,327.0,2025-06-28 04:48:24,SHIPPED,EAST
62,251.0,2026-06-10 19:21:48,SHIPPED,EAST
63,455.0,2025-06-10 05:06:04,PLACED,NORTH
64,52.0,2026-01-01 06:17:39,PLACED,NORTH
65,437.0,2024-05-13 18:46:14,DELIVERED,CENTRAL
66,457.0,2026-07-09 19:33:13,DELIVERED,EAST
67,203.0,2025-05-31 06:14:18,DELIVERED,CENTRAL
68,477.0,2024-05-02 00:23:32,DELIVERED,NORTH
69,100.0,2025-12-28 10:35:28,DELIVERED,WEST
70,238.0,2025-12-31 23:13:18,RETURNED,SOUTH
71,373.0,2025-02-04 20:54:15,DELIVERED,EAST
72,465.0,2025-05-19 11:58:15,DELIVERED,NORTH
73,116.0,2026-01-08 09:44:58,DELIVERED,WEST
74,290.0,2024-09-22 07:56:35,DELIVERED,CENTRAL
75,131.0,2026-06-11 17:33:30,DELIVERED,WEST
76,334.0,2024-06-15 04:33:06,DELIVERED,NORTH
77,546.0,2025-04-14 07:46:48,DELIVERED,CENTRAL
78,245.0,2025-10-04 06:13:53,DELIVERED,CENTRAL
79,494.0,2024-09-04 00:42:21,DELIVERED,EAST
80,442.0,2024-11-19 11:40:50,DELIVERED,WEST
81,351.0,2026-05-31 03:09:57,DELIVERED,SOUTH
82,80.0,2024-09-25 21:05:36,DELIVERED,CENTRAL
83,118.0,2026-01-25 22:53:34,DELIVERED,WEST
84,100.0,2025-05-20 10:58:28,CANCELLED,SOUTH
85,416.0,2025-04-23 12:24:14,PLACED,NORTH
86,389.0,2026-07-15 11:36:19,DELIVERED,NORTH
87,223.0,2024-05-20 15:18:54,CANCELLED,CENTRAL
88,151.0,,DELIVERED,WEST
89,299.0,2026-04-05 06:39:09,DELIVERED,CENTRAL
90,201.0,2025-11-25 15:19:28,SHIPPED,EAST
91,312.0,2025-04-10 14:56:35,RETURNED,WEST
92,92.0,2025-06-18 19:06:55,DELIVERED,CENTRAL
93,414.0,,CANCELLED,EAST
94,379.0,,RETURNED,NORTH
95,368.0,2024-01-02 07:26:27,PLACED,EAST
96,241.0,2024-02-18 10:39:05,DELIVERED,CENTRAL
97,326.0,2025-09-04 11:23:18,DELIVERED,WEST
98,446.0,2025-08-15 17:46:33,DELIVERED,SOUTH
99,143.0,2026-01-07 16:29:22,SHIPPED,WEST
100,428.0,2025-07-13 16:30:21,SHIPPED,SOUTH
101,12.0,2024-07-27 14:13:34,PLACED,NORTH
102,499.0,2024-08-11 16:33:20,DELIVERED,SOUTH
103,141.0,2024-05-11 12:28:55,DELIVERED,WEST
104,436.0,2025-12-09 09:58:49,DELIVERED,WEST
105,435.0,2026-03-02 08:21:52,DELIVERED,WEST
106,364.0,2025-08-20 15:12:15,SHIPPED,WEST
107,8.0,2026-07-28 04:07:29,DELIVERED,SOUTH
108,276.0,2026-02-18 09:48:20,DELIVERED,CENTRAL
109,376.0,2026-06-14 07:58:23,PLACED,NORTH
110,495.0,2026-06-01 14:09:05,DELIVERED,NORTH
111,494.0,2026-06-20 09:59:17,RETURNED,NORTH
112,UNKNOWN,2024-08-08 17:24:18,DELIVERED,CENTRAL
113,477.0,2025-03-10 01:32:47,DELIVERED,CENTRAL
114,252.0,2024-05-17 09:31:08,DELIVERED,NORTH
115,320.0,2026-04-17 14:43:44,DELIVERED,EAST
116,12.0,,DELIVERED,CENTRAL
117,340.0,,DELIVERED,EAST
118,172.0,2025-03-25 06:28:20,PLACED,CENTRAL
119,267.0,2025-04-17 08:34:57,PLACED,WEST
120,174.0,2026-06-17 02:39:43,DELIVERED,EAST
121,294.0,2024-02-12 09:44:47,DELIVERED,SOUTH
122,79.0,2026-02-24 09:59:21,CANCELLED,EAST
123,136.0,2025-01-26 13:08:29,DELIVERED,EAST
124,15.0,2025-02-03 04:00:13,DELIVERED,CENTRAL
125,155.0,2024-09-28 06:04:33,DELIVERED,EAST
126,268.0,2024-09-29 11:21:44,DELIVERED,SOUTH
127,186.0,,DELIVERED,NORTH
128,87.0,2025-06-16 14:17:58,RETURNED,CENTRAL
129,508.0,2024-08-27 11:08:22,DELIVERED,WEST
130,244.0,2025-08-18 05:30:03,DELIVERED,SOUTH
131,354.0,2024-11-23 13:18:33,PLACED,EAST
132,54.0,2024-06-29 04:35:00,SHIPPED,WEST
133,309.0,2026-01-09 19:12:49,DELIVERED,CENTRAL
134,389.0,2024-12-28 23:31:30,DELIVERED,WEST
135,269.0,2026-01-07 05:58:55,PLACED,WEST
136,296.0,2024-01-19 10:17:10,RETURNED,WEST
137,324.0,2025-08-16 10:08:41,RETURNED,NORTH
138,545.0,2024-05-31 06:00:17,DELIVERED,WEST
139,344.0,,SHIPPED,NORTH
140,401.0,2025-01-31 15:54:40,DELIVERED,SOUTH
141,200.0,2026-07-03 13:13:56,DELIVERED,SOUTH
142,11.0,2025-05-01 15:32:44,DELIVERED,NORTH
143,422.0,2024-01-19 13:57:13,PLACED,NORTH
144,360.0,2025-11-23 17:55:49,SHIPPED,EAST
145,198.0,2025-01-26 07:22:03,PLACED,CENTRAL
146,59.0,,RETURNED,SOUTH
147,125.0,2026-07-20 02:41:29,DELIVERED,NORTH
148,134.0,2024-05-14 04:43:02,DELIVERED,CENTRAL
149,114.0,,DELIVERED,EAST
150,479.0,2025-04-02 14:18:50,DELIVERED,NORTH
151,284.0,2025-12-05 09:36:31,DELIVERED,EAST
152,166.0,2025-02-03 18:12:13,DELIVERED,EAST
153,392.0,2024-04-06 21:58:12,DELIVERED,NORTH
154,272.0,,SHIPPED,NORTH
155,206.0,2026-02-02 20:43:00,DELIVERED,SOUTH
156,112.0,2026-02-03 09:13:32,PLACED,WEST
157,109.0,2024-12-05 06:02:19,RETURNED,EAST
158,36.0,2024-06-09 10:49:22,PLACED,CENTRAL
159,457.0,2025-01-24 06:54:32,PLACED,WEST
160,1.0,2024-08-19 05:41:22,RETURNED,WEST
161,156.0,2025-02-17 21:28:19,DELIVERED,WEST
162,4.0,2026-06-11 16:08:29,DELIVERED,WEST
163,447.0,2026-01-12 18:19:47,DELIVERED,NORTH
164,232.0,,PLACED,WEST
165,549.0,2024-07-07 06:47:58,RETURNED,EAST
166,311.0,2025-06-01 23:32:00,DELIVERED,NORTH
167,548.0,,CANCELLED,EAST
168,471.0,,DELIVERED,EAST
169,181.0,2024-11-11 12:52:48,DELIVERED,WEST
170,307.0,2024-10-23 17:06:50,DELIVERED,NORTH
171,499.0,,PLACED,WEST
172,144.0,2024-10-21 07:44:54,PLACED,NORTH
173,245.0,2026-07-10 02:36:28,DELIVERED,NORTH
174,316.0,2026-04-19 17:14:27,DELIVERED,WEST
175,38.0,,DELIVERED,EAST
176,416.0,2024-03-07 12:14:29,PLACED,CENTRAL
177,550.0,2025-12-13 01:17:08,PLACED,CENTRAL
178,74.0,2024-12-27 22:20:05,PLACED,SOUTH
179,20.0,2026-01-29 11:18:57,DELIVERED,CENTRAL
180,249.0,2024-03-12 03:36:39,DELIVERED,SOUTH
181,177.0,2024-01-23 07:34:25,DELIVERED,EAST
182,468.0,2024-05-31 03:19:03,DELIVERED,CENTRAL
183,109.0,2024-04-09 08:30:45,PLACED,CENTRAL
184,65.0,,CANCELLED,WEST
185,412.0,,DELIVERED,CENTRAL
186,141.0,2026-04-28 00:03:37,DELIVERED,SOUTH
187,178.0,2024-03-11 19:35:22,DELIVERED,NORTH
188,145.0,2025-03-01 11:29:04,DELIVERED,SOUTH
189,169.0,2025-07-28 15:53:27,DELIVERED,CENTRAL
190,137.0,2024-03-04 05:21:53,PLACED,CENTRAL
191,162.0,2025-08-07 07:10:55,PLACED,WEST
192,7.0,2024-05-05 09:33:25,PLACED,NORTH
193,291.0,2026-07-11 07:52:41,DELIVERED,WEST
194,212.0,2024-07-16 02:53:32,PLACED,EAST
195,UNKNOWN,2026-03-23 14:05:30,DELIVERED,SOUTH
196,39.0,2024-09-28 03:39:21,DELIVERED,WEST
197,309.0,2024-05-16 17:40:04,DELIVERED,NORTH
198,242.0,2026-05-16 08:57:03,SHIPPED,CENTRAL
199,371.0,2024-05-28 15:21:09,CANCELLED,CENTRAL
200,225.0,2026-02-27 10:29:27,DELIVERED,SOUTH
201,55.0,2025-03-05 09:55:48,SHIPPED,SOUTH
202,510.0,2026-01-06 23:23:33,SHIPPED,NORTH
203,373.0,2024-03-24 22:17:43,SHIPPED,WEST
204,343.0,2025-01-25 12:11:31,DELIVERED,WEST
205,107.0,2024-03-08 06:59:34,DELIVERED,CENTRAL
206,162.0,2024-09-30 05:33:55,DELIVERED,WEST
207,119.0,,PLACED,SOUTH
208,334.0,2025-11-22 00:07:29,DELIVERED,EAST
209,113.0,2024-12-23 09:22:44,DELIVERED,NORTH
210,423.0,2025-01-03 08:24:47,CANCELLED,WEST
211,76.0,2024-12-08 18:54:14,DELIVERED,WEST
212,447.0,2024-03-25 09:55:04,PLACED,CENTRAL
213,183.0,2025-12-07 19:17:21,DELIVERED,SOUTH
214,199.0,2025-12-12 01:47:28,DELIVERED,EAST
215,344.0,2024-11-10 02:58:06,PLACED,CENTRAL
216,288.0,2024-04-02 15:58:38,PLACED,WEST
217,429.0,2025-12-13 09:03:41,SHIPPED,EAST
218,303.0,2024-12-07 12:44:05,DELIVERED,CENTRAL
219,236.0,2024-09-20 23:39:14,PLACED,CENTRAL
220,222.0,2026-01-29 23:11:50,DELIVERED,WEST
221,15.0,2025-03-09 16:14:41,DELIVERED,SOUTH
222,336.0,2025-01-19 23:49:33,DELIVERED,SOUTH
223,153.0,2026-07-08 06:50:43,RETURNED,NORTH
224,46.0,2025-10-10 23:39:48,PLACED,WEST
225,35.0,2026-02-22 06:32:50,DELIVERED,WEST
226,101.0,2026-01-14 12:27:21,DELIVERED,SOUTH
227,13.0,2024-05-09 01:52:35,DELIVERED,WEST
228,136.0,2024-12-04 15:52:15,DELIVERED,SOUTH
229,17.0,2024-05-20 22:38:28,DELIVERED,EAST
230,471.0,2024-09-08 08:26:48,CANCELLED,CENTRAL
231,466.0,2024-02-07 22:12:00,DELIVERED,SOUTH
232,190.0,2025-09-21 16:55:48,DELIVERED,EAST
233,2.0,2025-12-22 06:12:05,CANCELLED,NORTH
234,341.0,2025-08-20 21:20:20,DELIVERED,EAST
235,277.0,2025-10-23 14:47:12,DELIVERED,CENTRAL
236,213.0,2026-04-22 15:26:47,DELIVERED,NORTH
237,57.0,2025-06-05 11:36:16,DELIVERED,EAST
238,114.0,2024-03-21 02:23:32,DELIVERED,WEST
239,375.0,2024-03-04 11:54:20,DELIVERED,CENTRAL
240,210.0,2024-04-14 02:09:41,PLACED,EAST
241,117.0,2025-01-05 16:52:19,DELIVERED,CENTRAL
242,231.0,2024-11-21 21:41:10,DELIVERED,EAST
243,434.0,2026-02-21 06:18:00,SHIPPED,NORTH
244,354.0,2025-08-02 03:30:18,DELIVERED,CENTRAL
245,126.0,2026-03-29 04:09:01,DELIVERED,CENTRAL
246,300.0,2026-04-07 18:17:29,DELIVERED,EAST
247,193.0,2024-04-11 22:46:26,CANCELLED,WEST
248,83.0,2024-05-15 15:06:22,DELIVERED,SOUTH
249,79.0,2025-03-23 23:18:46,PLACED,EAST
250,152.0,2024-06-23 00:34:44,DELIVERED,SOUTH
251,24.0,2026-03-19 20:38:31,SHIPPED,CENTRAL
252,UNKNOWN,2024-07-24 02:20:13,DELIVERED,WEST
253,UNKNOWN,2025-11-20 12:18:07,DELIVERED,NORTH
254,194.0,2025-03-28 20:32:02,PLACED,SOUTH
255,344.0,2026-03-18 04:51:20,DELIVERED,EAST
256,498.0,2025-05-21 21:35:05,DELIVERED,CENTRAL
257,456.0,,DELIVERED,CENTRAL
258,314.0,2024-07-23 23:36:39,SHIPPED,EAST
259,496.0,2024-12-18 07:02:36,DELIVERED,EAST
260,152.0,2024-03-14 12:10:40,DELIVERED,WEST
261,165.0,2024-09-15 10:27:53,DELIVERED,EAST
262,180.0,2024-10-10 03:54:35,CANCELLED,SOUTH
263,244.0,2024-09-07 12:00:41,PLACED,EAST
264,130.0,2026-06-11 11:51:03,DELIVERED,EAST
265,211.0,2024-10-13 14:31:52,DELIVERED,NORTH
266,353.0,2025-05-07 08:31:11,PLACED,WEST
267,167.0,2026-04-18 15:41:07,DELIVERED,NORTH
268,415.0,2024-02-08 17:16:44,RETURNED,SOUTH
269,328.0,2025-12-12 12:59:46,SHIPPED,CENTRAL
270,340.0,2026-02-27 05:34:47,DELIVERED,EAST
271,297.0,2026-01-06 04:40:13,RETURNED,CENTRAL
272,453.0,2024-08-16 11:40:09,DELIVERED,NORTH
273,42.0,2026-01-14 01:42:52,PLACED,CENTRAL
274,316.0,2024-06-30 13:27:24,PLACED,CENTRAL
275,457.0,2024-12-08 07:47:42,DELIVERED,EAST
276,200.0,2024-03-26 11:48:09,DELIVERED,SOUTH
277,201.0,2025-03-07 17:52:33,PLACED,CENTRAL
278,90.0,2025-11-22 23:52:51,RETURNED,WEST
279,503.0,2024-10-29 01:37:22,DELIVERED,CENTRAL
280,58.0,2026-03-05 16:11:02,RETURNED,EAST
281,152.0,2025-09-09 14:02:11,DELIVERED,WEST
282,396.0,2025-07-28 04:48:14,DELIVERED,EAST
283,360.0,2025-06-19 19:33:27,DELIVERED,WEST
284,90.0,2026-05-21 12:49:36,SHIPPED,WEST
285,454.0,2025-10-07 15:03:19,SHIPPED,WEST
286,143.0,2025-10-05 10:15:49,CANCELLED,CENTRAL
287,148.0,2024-05-13 17:13:10,SHIPPED,WEST
288,344.0,2026-03-27 00:38:32,PLACED,CENTRAL
289,91.0,2025-08-06 17:48:39,PLACED,EAST
290,180.0,2025-10-05 22:12:09,DELIVERED,CENTRAL
291,205.0,2024-07-31 17:00:36,SHIPPED,WEST
292,503.0,2025-03-25 15:58:08,PLACED,EAST
293,312.0,,DELIVERED,WEST
294,28.0,2024-12-14 18:43:14,DELIVERED,SOUTH
295,308.0,2025-02-12 01:18:33,RETURNED,WEST
296,295.0,2024-07-11 21:39:04,DELIVERED,WEST
297,30.0,2025-01-15 04:57:04,PLACED,EAST
298,69.0,2026-02-04 22:14:40,DELIVERED,EAST
299,UNKNOWN,2026-06-21 15:42:07,DELIVERED,WEST
300,488.0,2025-02-04 15:38:20,RETURNED,NORTH
301,525.0,2025-08-02 17:59:13,DELIVERED,NORTH
302,167.0,,DELIVERED,SOUTH
303,473.0,2025-05-11 14:34:32,CANCELLED,SOUTH
304,168.0,2025-07-09 04:17:45,PLACED,EAST
305,365.0,2025-10-13 16:36:56,PLACED,EAST
306,79.0,2026-04-02 17:22:43,DELIVERED,SOUTH
307,172.0,2024-05-26 19:32:16,DELIVERED,EAST
308,278.0,2025-04-12 16:47:21,DELIVERED,EAST
309,548.0,2024-05-28 20:55:42,DELIVERED,SOUTH
310,141.0,2024-01-21 00:51:35,DELIVERED,EAST
311,422.0,2026-01-23 06:20:45,DELIVERED,SOUTH
312,224.0,,SHIPPED,SOUTH
313,539.0,2024-10-19 16:41:12,CANCELLED,CENTRAL
314,428.0,2024-06-26 00:59:16,DELIVERED,NORTH
315,135.0,2024-06-30 01:52:56,RETURNED,WEST
316,320.0,2025-06-24 22:12:23,DELIVERED,SOUTH
317,536.0,2025-11-17 12:38:21,DELIVERED,EAST
318,312.0,2024-09-24 12:20:53,PLACED,NORTH
319,132.0,2024-12-11 10:06:05,CANCELLED,SOUTH
320,315.0,2024-12-17 23:18:25,PLACED,SOUTH
321,UNKNOWN,2024-05-02 02:36:19,DELIVERED,NORTH
322,20.0,2024-04-30 18:10:55,DELIVERED,WEST
323,202.0,2024-03-07 01:08:47,PLACED,CENTRAL
324,61.0,2026-07-10 11:12:38,DELIVERED,EAST
325,68.0,2024-03-08 05:39:04,DELIVERED,NORTH
326,127.0,2024-05-29 21:54:53,RETURNED,SOUTH
327,205.0,2026-07-01 19:25:45,SHIPPED,EAST
328,93.0,2024-02-15 10:51:32,PLACED,EAST
329,357.0,2026-06-19 14:41:49,DELIVERED,CENTRAL
330,518.0,2025-01-10 15:47:49,DELIVERED,NORTH
331,15.0,2026-06-17 02:23:08,DELIVERED,SOUTH
332,176.0,,RETURNED,CENTRAL
333,102.0,2024-01-07 17:23:38,RETURNED,CENTRAL
334,376.0,2026-01-07 10:40:36,DELIVERED,SOUTH
335,110.0,2025-11-13 23:55:48,SHIPPED,EAST
336,435.0,2025-08-12 17:04:30,SHIPPED,SOUTH
337,116.0,2025-09-25 03:36:29,DELIVERED,EAST
338,478.0,2024-07-11 00:42:58,PLACED,SOUTH
339,370.0,2026-02-09 05:21:39,DELIVERED,CENTRAL
340,85.0,2024-03-04 01:59:49,DELIVERED,NORTH
341,291.0,2025-08-20 17:40:47,DELIVERED,EAST
342,232.0,2025-11-20 15:52:28,DELIVERED,EAST
343,194.0,2025-10-26 19:34:02,CANCELLED,WEST
344,184.0,,PLACED,WEST
345,406.0,2024-06-12 09:05:31,DELIVERED,NORTH
346,147.0,2024-07-04 04:45:48,DELIVERED,CENTRAL
347,173.0,2024-06-07 00:28:36,PLACED,SOUTH
348,206.0,2025-06-10 01:06:10,DELIVERED,WEST
349,239.0,2024-07-09 16:54:19,CANCELLED,WEST
350,280.0,2025-03-08 15:54:57,DELIVERED,WEST
351,488.0,2025-07-07 04:16:11,DELIVERED,WEST
352,524.0,2026-01-22 16:41:39,SHIPPED,WEST
353,126.0,2024-06-16 19:53:56,SHIPPED,WEST
354,138.0,2024-12-24 13:39:36,PLACED,NORTH
355,511.0,2024-04-15 23:44:57,DELIVERED,SOUTH
356,335.0,2025-08-17 09:35:29,SHIPPED,CENTRAL
357,79.0,2024-05-29 15:34:40,DELIVERED,CENTRAL
358,478.0,2026-02-03 14:04:49,SHIPPED,WEST
359,517.0,2026-01-31 13:51:29,SHIPPED,EAST
360,19.0,2026-04-19 16:22:52,RETURNED,NORTH
361,122.0,2025-10-30 14:42:49,DELIVERED,EAST
362,454.0,2025-08-07 14:50:38,DELIVERED,NORTH
363,311.0,2024-10-01 18:09:38,CANCELLED,SOUTH
364,442.0,2026-02-02 11:41:16,PLACED,WEST
365,113.0,2026-01-27 05:38:12,DELIVERED,WEST
366,482.0,2026-05-10 06:33:36,DELIVERED,SOUTH
367,58.0,2026-02-26 02:35:16,DELIVERED,WEST
368,387.0,2026-07-07 03:45:32,DELIVERED,EAST
369,329.0,2025-03-17 20:36:00,PLACED,CENTRAL
370,132.0,2024-03-11 02:08:16,CANCELLED,EAST
371,28.0,2026-06-26 03:52:01,DELIVERED,EAST
372,100.0,,DELIVERED,EAST
373,360.0,2025-10-01 21:50:55,PLACED,SOUTH
374,241.0,2025-01-19 15:42:59,DELIVERED,CENTRAL
375,68.0,2024-05-11 22:51:26,CANCELLED,NORTH
376,174.0,2025-06-08 10:25:34,PLACED,EAST
377,472.0,2024-02-28 01:32:19,DELIVERED,WEST
378,528.0,2026-06-01 10:25:00,RETURNED,EAST
379,481.0,2024-02-01 16:39:06,DELIVERED,EAST
380,400.0,2025-08-09 19:04:41,DELIVERED,NORTH
381,103.0,2026-01-28 15:19:44,DELIVERED,SOUTH
382,509.0,2025-06-05 21:46:29,DELIVERED,EAST
383,307.0,2024-09-15 20:18:46,DELIVERED,WEST
384,509.0,2024-11-09 10:06:24,DELIVERED,NORTH
385,220.0,2026-04-12 09:20:25,SHIPPED,NORTH
386,412.0,2025-04-06 20:54:10,CANCELLED,CENTRAL
387,98.0,2024-05-22 20:26:11,DELIVERED,EAST
388,544.0,,DELIVERED,SOUTH
389,79.0,2025-06-23 12:53:49,DELIVERED,EAST
390,UNKNOWN,,CANCELLED,WEST
391,321.0,2026-04-18 18:42:17,SHIPPED,WEST
392,528.0,2025-01-25 07:49:49,DELIVERED,CENTRAL
393,20.0,2024-10-07 13:17:15,DELIVERED,CENTRAL
394,512.0,,SHIPPED,WEST
395,546.0,2025-02-20 05:22:34,CANCELLED,WEST
396,62.0,2026-05-29 10:21:02,DELIVERED,EAST
397,UNKNOWN,2025-12-19 10:45:12,PLACED,SOUTH
398,446.0,2025-04-11 11:05:18,DELIVERED,NORTH
399,423.0,2024-11-12 05:11:37,SHIPPED,EAST
400,263.0,2024-09-06 11:01:01,DELIVERED,SOUTH
401,245.0,2025-09-22 11:46:44,PLACED,SOUTH
402,252.0,2024-02-13 00:53:11,DELIVERED,EAST
403,498.0,,DELIVERED,WEST
404,UNKNOWN,2025-10-17 14:00:48,DELIVERED,NORTH
405,164.0,2024-11-09 18:45:07,SHIPPED,NORTH
406,UNKNOWN,2025-02-05 09:43:57,DELIVERED,EAST
407,181.0,2026-05-05 11:48:43,DELIVERED,NORTH
408,UNKNOWN,2026-01-24 17:30:04,DELIVERED,NORTH
409,322.0,2024-05-10 09:07:12,DELIVERED,NORTH
410,373.0,2025-09-24 06:18:54,DELIVERED,NORTH
411,144.0,2025-09-08 13:19:11,SHIPPED,CENTRAL
412,124.0,2026-02-16 02:37:00,DELIVERED,CENTRAL
413,258.0,2026-03-26 23:07:02,DELIVERED,NORTH
414,126.0,2025-01-04 20:08:54,DELIVERED,EAST
415,UNKNOWN,2025-05-26 12:40:06,CANCELLED,WEST
416,434.0,2025-01-01 12:24:32,SHIPPED,NORTH
417,220.0,2024-09-29 02:13:26,RETURNED,WEST
418,261.0,2025-09-26 09:20:39,CANCELLED,NORTH
419,547.0,2026-01-31 17:53:34,DELIVERED,NORTH
420,434.0,2025-05-06 15:36:01,DELIVERED,SOUTH
421,149.0,2025-03-07 10:39:54,DELIVERED,EAST
422,22.0,2025-04-23 17:27:45,DELIVERED,CENTRAL
423,56.0,2024-02-24 01:47:22,DELIVERED,SOUTH
424,394.0,,DELIVERED,EAST
425,548.0,2024-07-08 14:29:39,CANCELLED,WEST
426,9.0,2025-08-26 11:14:57,RETURNED,WEST
427,309.0,2025-01-31 22:59:11,PLACED,SOUTH
428,216.0,2025-04-07 00:43:46,CANCELLED,SOUTH
429,325.0,2025-11-12 17:21:32,CANCELLED,WEST
430,281.0,2024-02-22 15:12:02,CANCELLED,WEST
431,423.0,2026-01-01 19:33:21,RETURNED,EAST
432,103.0,2025-10-18 02:56:44,CANCELLED,EAST
433,68.0,,DELIVERED,CENTRAL
434,335.0,2026-04-30 20:46:11,DELIVERED,NORTH
435,189.0,2024-03-21 22:23:05,DELIVERED,SOUTH
436,411.0,2024-01-05 18:40:27,SHIPPED,EAST
437,85.0,2025-05-02 08:23:47,PLACED,SOUTH
438,UNKNOWN,2026-03-13 03:30:56,DELIVERED,SOUTH
439,421.0,2026-07-11 18:31:34,DELIVERED,EAST
440,490.0,2025-12-02 08:45:48,CANCELLED,SOUTH
441,178.0,2025-02-08 22:51:01,DELIVERED,EAST
442,204.0,2025-03-13 18:09:57,PLACED,EAST
443,403.0,2024-10-09 13:19:22,CANCELLED,CENTRAL
444,22.0,2024-12-14 17:29:13,RETURNED,CENTRAL
445,92.0,2024-12-21 06:49:26,RETURNED,SOUTH
446,173.0,2025-02-10 15:59:01,PLACED,CENTRAL
447,267.0,2025-10-28 06:40:35,PLACED,EAST
448,121.0,2024-09-21 06:38:26,PLACED,CENTRAL
449,465.0,2025-11-06 23:53:36,CANCELLED,WEST
450,230.0,2024-07-03 02:27:38,DELIVERED,SOUTH
451,UNKNOWN,2025-02-17 12:45:41,SHIPPED,WEST
452,134.0,2025-08-16 12:43:59,DELIVERED,SOUTH
453,221.0,2026-07-21 04:42:28,RETURNED,EAST
454,429.0,2024-10-21 03:58:14,SHIPPED,SOUTH
455,298.0,2024-02-14 16:44:22,RETURNED,SOUTH
456,255.0,2025-12-01 13:37:46,DELIVERED,WEST
457,11.0,2024-05-13 04:34:10,DELIVERED,EAST
458,218.0,2025-09-09 13:54:50,DELIVERED,WEST
459,263.0,2026-07-16 17:04:42,PLACED,CENTRAL
460,54.0,2024-04-01 06:26:42,DELIVERED,SOUTH
461,363.0,,RETURNED,CENTRAL
462,6.0,,SHIPPED,CENTRAL
463,UNKNOWN,,DELIVERED,WEST
464,136.0,2025-07-30 04:11:58,RETURNED,CENTRAL
465,184.0,,SHIPPED,CENTRAL
466,348.0,,CANCELLED,SOUTH
467,325.0,2024-05-19 06:19:08,DELIVERED,WEST
468,UNKNOWN,2024-08-08 06:31:41,SHIPPED,EAST
469,UNKNOWN,2024-03-09 14:29:04,RETURNED,WEST
470,370.0,2025-03-12 12:27:48,RETURNED,EAST
471,271.0,2025-02-12 21:25:05,DELIVERED,WEST
472,324.0,2024-09-13 07:02:33,DELIVERED,WEST
473,451.0,,PLACED,SOUTH
474,236.0,2024-03-25 18:24:41,SHIPPED,WEST
475,168.0,,DELIVERED,WEST
476,507.0,2024-06-29 05:41:23,PLACED,EAST
477,497.0,2026-05-21 06:10:19,DELIVERED,NORTH
478,127.0,2024-08-17 23:50:32,DELIVERED,SOUTH
479,185.0,2025-03-17 08:37:44,CANCELLED,CENTRAL
480,218.0,2025-02-27 18:24:22,DELIVERED,NORTH
481,185.0,2026-03-28 03:16:32,DELIVERED,NORTH
482,511.0,2025-01-17 09:24:51,DELIVERED,EAST
483,292.0,2024-02-10 07:56:23,DELIVERED,NORTH
484,383.0,2025-09-04 07:42:55,DELIVERED,NORTH
485,158.0,2025-05-17 14:23:00,PLACED,WEST
486,465.0,2026-01-15 10:17:40,DELIVERED,EAST
487,6.0,2026-07-12 01:32:25,DELIVERED,NORTH
488,333.0,2025-12-04 20:52:00,RETURNED,CENTRAL
489,217.0,2024-07-19 21:24:23,CANCELLED,EAST
490,57.0,2025-05-17 00:40:56,DELIVERED,CENTRAL
491,391.0,2026-07-24 15:03:20,PLACED,EAST
492,246.0,2024-10-03 12:43:25,RETURNED,WEST
493,22.0,2024-05-18 13:10:52,CANCELLED,SOUTH
494,413.0,2025-08-26 12:26:16,SHIPPED,SOUTH
495,306.0,2024-07-06 08:22:04,DELIVERED,WEST
496,135.0,2025-04-26 17:24:52,DELIVERED,NORTH
497,525.0,2025-07-24 19:47:00,SHIPPED,WEST
498,488.0,2025-08-25 21:01:34,SHIPPED,CENTRAL
499,93.0,2025-10-19 05:12:52,DELIVERED,EAST
500,445.0,2024-10-16 11:50:56,DELIVERED,NORTH
501,526.0,2024-03-03 19:38:28,DELIVERED,WEST
502,159.0,2024-12-14 07:54:29,RETURNED,CENTRAL
503,86.0,2026-03-26 01:24:20,SHIPPED,WEST
504,490.0,2024-05-03 00:09:39,DELIVERED,SOUTH
505,255.0,2025-04-11 16:02:46,DELIVERED,EAST
506,49.0,2026-06-02 04:32:48,DELIVERED,NORTH
507,111.0,2026-03-08 13:28:50,DELIVERED,WEST
508,476.0,2024-05-26 18:37:56,DELIVERED,CENTRAL
509,364.0,2025-01-28 14:42:12,SHIPPED,NORTH
510,17.0,2026-02-21 01:46:26,PLACED,WEST
511,187.0,2024-10-05 22:11:27,CANCELLED,NORTH
512,427.0,2024-05-09 09:17:50,CANCELLED,EAST
513,466.0,,DELIVERED,WEST
514,350.0,2025-02-15 18:41:22,RETURNED,SOUTH
515,190.0,2024-11-23 21:11:57,PLACED,CENTRAL
516,109.0,2025-02-06 20:03:48,DELIVERED,NORTH
517,405.0,2024-01-10 01:59:40,PLACED,SOUTH
518,472.0,2026-01-11 04:19:05,DELIVERED,CENTRAL
519,311.0,2026-01-26 02:19:47,DELIVERED,CENTRAL
520,405.0,2025-07-14 08:56:37,CANCELLED,NORTH
521,139.0,2024-07-13 07:40:27,PLACED,NORTH
522,193.0,2024-01-25 16:14:41,CANCELLED,SOUTH
523,149.0,2026-01-17 09:20:56,DELIVERED,WEST
524,196.0,,PLACED,WEST
525,486.0,2024-08-18 04:00:56,DELIVERED,NORTH
526,157.0,2024-09-15 00:51:41,DELIVERED,WEST
527,483.0,2026-01-23 11:51:24,PLACED,WEST
528,249.0,2026-06-28 02:49:00,SHIPPED,CENTRAL
529,UNKNOWN,2025-08-31 12:52:46,PLACED,NORTH
530,443.0,,RETURNED,WEST
531,298.0,2026-06-17 22:03:20,PLACED,WEST
532,UNKNOWN,2026-01-25 03:09:26,DELIVERED,CENTRAL
533,238.0,2026-01-27 22:17:10,DELIVERED,CENTRAL
534,UNKNOWN,2024-01-30 13:06:15,DELIVERED,EAST
535,66.0,2026-05-09 10:52:01,SHIPPED,WEST
536,120.0,2026-01-05 07:19:07,DELIVERED,EAST
537,447.0,,PLACED,EAST
538,UNKNOWN,2024-10-25 13:47:01,DELIVERED,WEST
539,520.0,2024-12-26 13:25:52,SHIPPED,EAST
540,480.0,2026-07-24 07:55:11,PLACED,EAST
541,427.0,2025-08-29 10:05:39,CANCELLED,EAST
542,166.0,2026-01-03 17:32:47,DELIVERED,EAST
543,495.0,2024-05-13 21:28:00,PLACED,SOUTH
544,504.0,2024-08-30 19:48:42,PLACED,WEST
545,311.0,2026-02-05 23:24:18,SHIPPED,CENTRAL
546,19.0,2024-03-14 02:07:34,DELIVERED,EAST
547,163.0,2025-07-08 15:33:37,SHIPPED,CENTRAL
548,66.0,2024-02-19 15:55:41,DELIVERED,NORTH
549,124.0,2024-12-18 03:37:31,DELIVERED,WEST
550,UNKNOWN,2025-02-04 12:18:21,RETURNED,EAST
551,UNKNOWN,2024-03-13 12:13:14,DELIVERED,CENTRAL
552,155.0,2025-02-19 12:47:45,CANCELLED,CENTRAL
553,107.0,2026-07-27 17:32:41,DELIVERED,WEST
554,114.0,2025-12-11 03:15:06,RETURNED,CENTRAL
555,43.0,2024-06-07 05:54:56,DELIVERED,SOUTH
556,211.0,2024-07-02 09:34:17,RETURNED,SOUTH
557,453.0,2025-03-29 19:08:03,DELIVERED,WEST
558,158.0,2024-06-03 05:57:27,DELIVERED,EAST
559,126.0,2024-08-02 00:31:47,CANCELLED,WEST
560,7.0,,SHIPPED,WEST
561,294.0,2025-06-14 05:20:04,DELIVERED,NORTH
562,382.0,2025-02-17 05:46:53,DELIVERED,WEST
563,252.0,2025-07-14 05:45:38,SHIPPED,CENTRAL
564,234.0,,PLACED,WEST
565,420.0,2025-10-04 05:01:12,CANCELLED,CENTRAL
566,31.0,2025-07-15 23:55:33,DELIVERED,NORTH
567,72.0,2026-03-14 16:09:26,PLACED,EAST
568,169.0,2025-09-15 22:37:46,DELIVERED,WEST
569,155.0,2024-02-27 14:57:16,RETURNED,NORTH
570,303.0,2026-03-18 10:44:30,DELIVERED,CENTRAL
571,322.0,2025-04-17 17:59:04,RETURNED,NORTH
572,UNKNOWN,2025-03-10 14:58:55,RETURNED,CENTRAL
573,414.0,2024-08-16 03:24:18,DELIVERED,SOUTH
574,453.0,2026-04-25 17:38:45,DELIVERED,WEST
575,309.0,2024-11-02 11:43:07,PLACED,CENTRAL
576,400.0,2025-06-03 14:48:00,DELIVERED,SOUTH
577,291.0,2026-03-19 12:31:00,SHIPPED,CENTRAL
578,320.0,2026-05-07 04:04:03,DELIVERED,SOUTH
579,29.0,2024-02-06 09:13:33,CANCELLED,CENTRAL
580,265.0,,SHIPPED,EAST
581,518.0,2025-10-18 17:06:31,PLACED,NORTH
582,266.0,2025-08-02 09:39:36,DELIVERED,EAST
583,49.0,2024-07-11 08:05:02,DELIVERED,NORTH
584,306.0,2025-11-28 02:07:25,DELIVERED,NORTH
585,348.0,2025-12-04 22:33:02,RETURNED,CENTRAL
586,UNKNOWN,2026-05-28 14:59:34,DELIVERED,CENTRAL
587,240.0,2026-07-14 03:40:22,DELIVERED,EAST
588,144.0,2026-06-08 18:15:15,DELIVERED,CENTRAL
589,108.0,2025-01-19 16:26:23,DELIVERED,CENTRAL
590,370.0,2024-10-26 02:58:49,DELIVERED,SOUTH
591,422.0,2025-10-23 06:57:10,PLACED,NORTH
592,134.0,2025-10-22 00:55:31,DELIVERED,WEST
593,379.0,2024-05-01 06:45:39,DELIVERED,WEST
594,532.0,2026-07-02 19:09:23,DELIVERED,EAST
595,511.0,2026-06-26 16:25:25,DELIVERED,WEST
596,427.0,2026-01-30 11:24:49,CANCELLED,SOUTH
597,131.0,2026-02-24 17:03:53,DELIVERED,WEST
598,526.0,2024-07-19 23:49:45,CANCELLED,NORTH
599,467.0,2024-11-26 07:53:18,DELIVERED,SOUTH
600,379.0,,RETURNED,NORTH
601,419.0,2026-07-23 13:16:53,PLACED,EAST
602,297.0,2026-06-07 04:56:06,PLACED,SOUTH
603,381.0,2024-07-01 21:44:52,DELIVERED,EAST
604,302.0,2025-04-16 02:21:19,DELIVERED,SOUTH
605,432.0,,PLACED,EAST
606,221.0,2025-03-16 08:59:10,SHIPPED,WEST
607,126.0,2024-01-04 05:45:45,DELIVERED,NORTH
608,428.0,2024-03-10 09:53:00,DELIVERED,EAST
609,UNKNOWN,2026-05-28 21:12:35,DELIVERED,EAST
610,487.0,2025-08-09 02:58:24,CANCELLED,CENTRAL
611,142.0,2024-07-25 07:30:03,DELIVERED,WEST
612,460.0,2025-11-29 22:35:00,PLACED,EAST
613,420.0,2024-05-18 17:54:13,DELIVERED,WEST
614,47.0,2025-06-10 14:45:25,RETURNED,WEST
615,91.0,2025-03-06 21:17:35,CANCELLED,NORTH
616,317.0,2026-06-07 13:30:41,DELIVERED,NORTH
617,88.0,2026-05-18 22:11:05,SHIPPED,CENTRAL
618,55.0,2026-04-21 17:02:52,RETURNED,CENTRAL
619,488.0,2024-10-21 05:11:23,DELIVERED,NORTH
620,545.0,2024-07-05 20:28:54,SHIPPED,NORTH
621,211.0,2025-03-03 03:20:45,SHIPPED,CENTRAL
622,87.0,2025-11-21 02:04:30,CANCELLED,CENTRAL
623,UNKNOWN,2025-05-12 18:32:22,DELIVERED,NORTH
624,24.0,2026-02-02 11:26:34,DELIVERED,SOUTH
625,25.0,2025-10-06 13:57:04,CANCELLED,EAST
626,264.0,2025-08-16 10:24:06,PLACED,NORTH
627,UNKNOWN,,SHIPPED,SOUTH
628,262.0,,DELIVERED,SOUTH
629,418.0,2025-04-21 14:07:02,DELIVERED,NORTH
630,186.0,2025-05-20 07:42:58,PLACED,NORTH
631,400.0,2025-04-07 23:09:09,PLACED,SOUTH
632,332.0,2025-10-03 07:08:59,SHIPPED,NORTH
633,208.0,2024-03-21 14:09:23,SHIPPED,CENTRAL
634,243.0,2026-06-29 08:44:51,DELIVERED,CENTRAL
635,118.0,2025-08-21 03:39:18,SHIPPED,EAST
636,417.0,2025-12-23 01:52:38,PLACED,NORTH
637,240.0,2025-09-25 00:28:10,RETURNED,NORTH
638,104.0,2025-02-22 03:00:08,SHIPPED,CENTRAL
639,312.0,2024-07-14 01:38:20,DELIVERED,WEST
640,513.0,2024-05-10 08:19:48,SHIPPED,SOUTH
641,173.0,2025-08-02 21:49:38,DELIVERED,CENTRAL
642,463.0,2025-10-20 06:38:11,PLACED,WEST
643,172.0,2025-03-25 08:00:04,PLACED,WEST
644,257.0,2025-02-28 13:28:19,CANCELLED,WEST
645,218.0,2025-06-29 21:48:34,DELIVERED,CENTRAL
646,UNKNOWN,2025-03-13 00:02:42,PLACED,CENTRAL
647,72.0,2026-05-24 17:12:10,DELIVERED,WEST
648,144.0,2024-07-10 00:54:48,DELIVERED,EAST
649,216.0,2025-11-02 00:43:36,DELIVERED,EAST
650,268.0,,RETURNED,WEST
651,252.0,2025-02-28 02:40:03,DELIVERED,EAST
652,216.0,2025-06-14 16:52:56,DELIVERED,CENTRAL
653,17.0,2025-05-25 05:46:25,RETURNED,SOUTH
654,488.0,2024-01-04 04:20:12,PLACED,NORTH
655,424.0,2024-09-26 13:53:30,DELIVERED,WEST
656,84.0,2025-09-02 04:18:46,DELIVERED,NORTH
657,UNKNOWN,2026-04-16 18:18:09,PLACED,WEST
658,362.0,2024-07-10 17:16:00,RETURNED,WEST
659,367.0,2026-07-23 02:29:39,DELIVERED,NORTH
660,474.0,2024-07-12 19:32:02,DELIVERED,SOUTH
661,10.0,2025-11-21 15:03:23,SHIPPED,NORTH
662,367.0,,SHIPPED,CENTRAL
663,227.0,2025-04-15 23:18:53,SHIPPED,WEST
664,38.0,2025-07-17 21:35:25,SHIPPED,CENTRAL
665,8.0,,SHIPPED,WEST
666,285.0,2024-06-21 08:23:10,DELIVERED,WEST
667,199.0,2024-09-21 19:50:48,DELIVERED,CENTRAL
668,180.0,2026-07-25 16:26:45,PLACED,SOUTH
669,131.0,2024-04-11 01:12:52,SHIPPED,CENTRAL
670,536.0,2024-12-20 03:09:27,DELIVERED,EAST
671,24.0,2024-10-25 00:44:38,RETURNED,CENTRAL
672,465.0,2025-01-27 21:34:51,PLACED,WEST
673,331.0,2024-03-21 13:35:06,DELIVERED,WEST
674,125.0,2025-03-01 16:47:15,DELIVERED,WEST
675,371.0,2026-02-08 20:21:52,DELIVERED,NORTH
676,49.0,,SHIPPED,WEST
677,460.0,2026-04-07 01:41:38,DELIVERED,WEST
678,343.0,2024-10-29 07:31:02,PLACED,CENTRAL
679,232.0,2024-02-09 09:56:03,RETURNED,WEST
680,256.0,2024-04-25 15:20:16,SHIPPED,EAST
681,65.0,2025-04-27 19:40:56,DELIVERED,NORTH
682,492.0,2024-02-13 07:10:17,DELIVERED,NORTH
683,343.0,2026-07-09 11:08:53,CANCELLED,SOUTH
684,485.0,2024-06-16 12:35:27,SHIPPED,EAST
685,342.0,2024-03-25 13:24:14,DELIVERED,SOUTH
686,450.0,2024-04-23 06:18:46,DELIVERED,WEST
687,128.0,2026-06-18 08:14:29,PLACED,NORTH
688,387.0,2024-02-21 19:08:32,DELIVERED,NORTH
689,64.0,2024-07-17 02:52:44,RETURNED,WEST
690,309.0,2024-03-26 02:40:32,DELIVERED,WEST
691,105.0,2024-04-12 04:50:19,DELIVERED,CENTRAL
692,302.0,2024-03-22 02:16:27,CANCELLED,WEST
693,421.0,2024-05-28 20:48:38,SHIPPED,CENTRAL
694,465.0,2024-01-17 11:26:26,DELIVERED,WEST
695,348.0,2024-06-06 07:54:53,DELIVERED,NORTH
696,530.0,2025-12-06 09:12:31,DELIVERED,SOUTH
697,106.0,2024-06-16 18:46:39,PLACED,NORTH
698,199.0,2026-07-10 00:24:38,RETURNED,SOUTH
699,263.0,2026-03-01 13:05:34,DELIVERED,WEST
700,191.0,2025-11-21 16:47:45,SHIPPED,NORTH
