customer_id,customer_name,email,registration_date,customer_type
1,Suresh Sharma,suresh.sharma617@gmail.com,2026-05-21 20:43:57,REGULAR
2,Nikita Rathi,nikita.rathi226@rediffmail.com,2026-07-04 09:25:01,REGULAR
3,Sunita Rathore,sunita.rathore433@outlook.com,2025-03-07 15:47:40,REGULAR
4,Aarti Deswal,aarti.deswal95@rediffmail.com,2024-05-30 05:50:52,REGULAR
5,Deepak Kapoor,deepak.kapoor45@rediffmail.com,2026-04-13 00:01:56,REGULAR
6,Riya Yadav,riya.yadav301@hotmail.com,2025-07-15 18:43:51,REGULAR
7,Diya Mehta,diya.mehta234@outlook.com,2024-05-03 22:51:37,PREMIUM
8,Ritu Bishnoi,ritu.bishnoi465@outlook.com,2024-09-09 16:11:03,REGULAR
9,Manoj Rathore,manoj.rathore960@gmail.com,2024-09-22 20:30:40,REGULAR
10,Harsh Malik,harsh.malik277@hotmail.com,2024-12-07 03:50:49,PREMIUM
11,Aadhya Saharan,aadhya.saharan842@gmail.com,2025-05-05 00:56:31,REGULAR
12,Lakshay Joshi,lakshay.joshi323@yahoo.com,2026-02-14 12:41:25,REGULAR
13,Vandana Godara,vandana.godara272@yahoo.com,2025-01-18 02:56:23,PREMIUM
14,Kiran Nair,kiran.nair409@outlook.com,2024-12-06 16:52:13,VIP
15,Kabir Chahar,kabir.chahar774@gmail.com,2024-06-19 08:00:57,REGULAR
16,Nitin Iyer,nitin.iyer66@rediffmail.com,2025-08-15 19:47:53,REGULAR
17,Deepak Yadav,deepak.yadav882@gmail.com,2024-06-26 22:47:54,PREMIUM
18,Shreya Agarwal,shreya.agarwal657@outlook.com,2024-06-22 06:57:59,REGULAR
19,Aarav Mishra,aarav.mishra897@outlook.com,2026-02-16 15:12:10,PREMIUM
20,Priya Kumar,priya.kumar306@hotmail.com,2024-11-04 23:56:36,REGULAR
21,Nikita Agarwal,nikita.agarwal945@hotmail.com,2024-01-01 21:19:18,REGULAR
22,Krishna Ahlawat,krishna.ahlawat900@outlook.com,2025-01-06 23:25:45,REGULAR
23,Riya Chahar,riya.chahar750@rediffmail.com,2024-04-17 12:25:46,VIP
24,Pooja Beniwal,pooja.beniwal676@rediffmail.com,2026-05-04 02:09:49,REGULAR
25,Kiran Kajla,kiran.kajla952@hotmail.com,2024-11-08 11:27:18,PREMIUM
26,Ajay Kharb,ajay.kharb922@,2024-07-06 23:21:48,REGULAR
27,Vivaan Nair,vivaan.nair568@yahoo.com,2026-07-03 02:38:15,REGULAR
28,Vihaan Saharan,vihaan.saharan70@gmail.com,2025-05-28 07:16:01,REGULAR
29,Kabir Kajla,kabir.kajla553@yahoo.com,2026-06-06 02:01:46,REGULAR
30,Dev Kapoor,dev.kapoor417@yahoo.com,2024-05-26 12:43:14,REGULAR
31,Nitin Rathi,nitin.rathi479@,2024-03-25 03:38:53,PREMIUM
32,Priya Dhaka,priya.dhaka413@outlook.com,2024-06-18 17:50:41,REGULAR
33,Yash Beniwal,yash.beniwal433rediffmail.com,2025-01-23 01:27:33,PREMIUM
34,Om Deswal,om.deswal52@hotmail.com,2024-01-23 22:12:45,VIP
35,Swati Poonia,swati.poonia417@rediffmail.com,2026-01-17 18:20:33,REGULAR
36,Vihaan Poonia,vihaan.poonia389@gmail.com,2025-08-29 11:58:41,REGULAR
37,Vandana Kadyan,vandana.kadyan434@hotmail.com,2026-01-26 00:25:31,REGULAR
38,Vihaan Nair,vihaan.nair754@hotmail.com,2024-04-04 16:39:46,PREMIUM
39,Tarun Pilania,tarun.pilania515@hotmail.com,2024-09-01 13:31:03,REGULAR
40,Anjali Shivran,anjali.shivran610@gmail.com,2024-12-31 09:02:12,REGULAR
41,Rachna Kaswan,rachna.kaswan593@hotmail.com,2024-03-02 17:40:35,PREMIUM
42,Tarun Reddy,tarun.reddy536@outlook.com,2025-02-09 02:02:59,REGULAR
43,Swati Jakhar,swati.jakhar406@yahoo.com,2025-04-11 00:42:06,REGULAR
44,Isha Bhaskar,isha.bhaskar470@hotmail.com,2026-05-24 13:55:27,VIP
45,Amit Sharma,amit.sharma272@yahoo.com,2025-06-26 03:59:32,PREMIUM
46,Preeti Kadyan,preeti.kadyan162@rediffmail.com,2026-04-23 20:38:00,PREMIUM
47,Sonal Bhaskar,sonal.bhaskar684@hotmail.com,2025-04-10 01:38:55,VIP
48,Ishaan Jakhar,ishaan.jakhar119@gmail.com,2026-05-09 09:40:20,REGULAR
49,Amit Joshi,amit.joshi352@yahoo.com,2025-02-14 02:01:59,REGULAR
50,Vihaan Chahar,vihaan.chahar650@rediffmail.com,2025-03-05 19:23:11,REGULAR
51,Ishaan Kumar,ishaan.kumar269@yahoo.com,2025-11-17 08:49:18,REGULAR
52,Aarav Sangwan,aarav.sangwan78@yahoo.com,2026-04-27 13:04:49,REGULAR
53,Om Godara,om.godara441@yahoo.com,2024-03-05 23:29:34,REGULAR
54,Diya Dalal,diya.dalal216@yahoo.com,2024-06-08 16:25:26,REGULAR
55,Manisha Singh,manisha.singh768@yahoo.com,2025-01-02 18:12:26,PREMIUM
56,Anjali Rathi,anjali.rathi26@yahoo.com,2025-05-31 00:46:18,PREMIUM
57,Rajesh Bishnoi,rajesh.bishnoi164@gmail.com,2025-08-17 06:11:20,PREMIUM
58,Rekha Nain,rekha.nain837@rediffmail.com,2025-06-27 04:12:39,REGULAR
59,Rekha Saharan,rekha.saharan25@yahoo.com,2025-09-10 23:53:18,REGULAR
60,Shreya Dalal,shreya.dalal657@hotmail.com,2025-09-12 21:05:24,PREMIUM
61,Aarti Bhukar,aarti.bhukar119@outlook.com,2024-10-04 09:29:26,REGULAR
62,Diya Deswal,diya.deswal611@rediffmail.com,2025-06-21 00:08:58,PREMIUM
63,Vikas Sharma,vikas.sharma119@rediffmail.com,2026-06-14 16:45:37,REGULAR
64,Nitin Bhaskar,nitin.bhaskar533@hotmail.com,2024-11-02 02:00:07,REGULAR
65,Anil Singh,anil.singh322@gmail.com,2025-04-11 12:49:32,REGULAR
66,Pallavi Dahiya,pallavi.dahiya714@outlook.com,2026-05-11 05:59:43,REGULAR
67,Vijay Chauhan,vijay.chauhan767@yahoo.com,2026-06-03 01:46:54,REGULAR
68,Saanvi Balhara,saanvi.balhara294@yahoo.com,2025-10-29 19:23:30,PREMIUM
69,Pallavi Lohan,pallavi.lohan453@rediffmail.com,2024-11-27 23:21:56,REGULAR
70,Sunita Mehta,sunita.mehta87@outlook.com,2026-03-11 17:26:37,PREMIUM
71,Riya Pandey,riya.pandey241@outlook.com,2024-12-14 23:12:39,PREMIUM
72,Aditya Kaswan,aditya.kaswan487@hotmail.com,2024-04-23 03:13:59,REGULAR
73,Rachna Nain,rachna.nain736@rediffmail.com,2026-02-06 23:43:00,REGULAR
74,Aarav Pandey,aarav.pandey882@gmail.com,2025-10-22 10:35:56,REGULAR
75,Sonal Lohan,sonal.lohan52@hotmail.com,2025-01-22 02:47:06,VIP
76,Ishaan Kapoor,ishaan.kapoor476@hotmail.com,2026-05-18 06:14:42,REGULAR
77,Sapna Singh,sapna.singh835@hotmail.com,2025-10-24 22:02:54,PREMIUM
78,Sunita Tiwari,sunita.tiwari883@rediffmail.com,2025-11-30 03:49:00,REGULAR
79,Manoj Agarwal,manoj.agarwal797@hotmail.com,2026-01-22 19:05:10,PREMIUM
80,Arjun Joshi,arjun.joshi293@yahoo.com,2025-02-26 02:16:24,REGULAR
81,Riya Beniwal,riya.beniwal155@yahoo.com,2025-08-18 00:35:26,PREMIUM
82,Isha Rathi,isha.rathi418@outlook.com,2026-04-22 22:00:34,REGULAR
83,Gaurav Malik,gaurav.malik927@hotmail.com,2024-01-31 08:12:14,PREMIUM
84,Ritu Pilania,ritu.pilania7@outlook.com,2025-04-08 21:05:11,PREMIUM
85,Manisha Gupta,manisha.gupta766@hotmail.com,2026-07-26 02:53:11,PREMIUM
86,Manoj Tanwar,manoj.tanwar498@gmail.com,2025-08-27 01:38:50,REGULAR
87,Jyoti Mishra,jyoti.mishra170@rediffmail.com,2024-07-17 06:18:32,VIP
88,Jyoti Nair,jyoti.nair578@gmail.com,2024-05-10 09:47:17,PREMIUM
89,Harsh Sihag,harsh.sihag52@outlook.com,2025-08-11 22:00:59,REGULAR
90,Anil Pandey,anil.pandey901rediffmail.com,2025-01-26 21:21:51,PREMIUM
91,Satyam Dhaka,satyam.dhaka975@outlook.com,2024-12-14 07:36:29,PREMIUM
92,Diya Pandey,diya.pandey32@yahoo.com,2024-11-05 16:42:17,PREMIUM
93,Swati Beniwal,swati.beniwal485@gmail.com,2026-05-26 02:18:35,VIP
94,Deepak Agarwal,deepak.agarwal378@yahoo.com,2026-07-30 05:19:00,PREMIUM
95,Neha Agarwal,neha.agarwal839@yahoo.com,2025-04-28 04:22:17,REGULAR
96,Naveen Reddy,naveen.reddy694@rediffmail.com,2025-09-08 04:20:57,VIP
97,Tarun Rathore,tarun.rathore851@yahoo.com,2024-06-07 07:09:21,PREMIUM
98,Vikas Kapoor,vikas.kapoor124@hotmail.com,2024-03-04 19:10:05,REGULAR
99,Ajay Shivran,ajay.shivran519@outlook.com,2024-01-20 15:42:22,PREMIUM
100,Priya Tanwar,priya.tanwar984@outlook.com,2025-12-15 04:19:30,PREMIUM
101,Ramesh Patel,ramesh.patel277@hotmail.com,2026-04-16 00:32:24,PREMIUM
102,Tarun Bishnoi,tarun.bishnoi331@yahoo.com,2024-05-14 15:01:37,REGULAR
103,Harsh Reddy,harsh.reddy625@rediffmail.com,2025-06-06 13:46:30,REGULAR
104,Anjali Siwach,anjali.siwach218@outlook.com,2025-02-05 08:04:33,REGULAR
105,Shreya Yadav,shreya.yadav11@,2024-10-23 19:05:59,REGULAR
106,Deepika Yadav,deepika.yadav777@yahoo.com,2026-01-09 14:02:15,PREMIUM
107,Vivaan Chahar,vivaan.chahar302@yahoo.com,2025-09-20 05:10:00,PREMIUM
108,Tarun Ahlawat,tarun.ahlawat485@hotmail.com,2026-04-04 18:12:15,REGULAR
109,Bhavna Antil,bhavna.antil361@rediffmail.com,2025-02-24 20:29:47,REGULAR
110,Rahul Panghal,rahul.panghal123@hotmail.com,2024-10-14 14:53:11,REGULAR
111,Shreya Mishra,shreya.mishra604@hotmail.com,2026-07-16 01:58:17,REGULAR
112,Rahul Kadyan,rahul.kadyan233@outlook.com,2024-10-05 18:03:56,REGULAR
113,Pooja Bishnoi,pooja.bishnoi47@gmail.com,2026-05-09 14:43:03,REGULAR
114,Deepika Deswal,deepika.deswal894@gmail.com,2026-06-10 18:39:55,REGULAR
115,Anil Sihag,anil.sihag989rediffmail.com,2024-06-26 05:28:36,PREMIUM
116,Arjun Reddy,arjun.reddy645@gmail.com,2024-08-23 16:47:34,REGULAR
117,Simran Chahar,simran.chahar255@gmail.com,2026-05-16 22:28:14,PREMIUM
118,Rekha Agarwal,rekha.agarwal536@rediffmail.com,2025-11-30 20:23:47,VIP
119,Tarun Tanwar,tarun.tanwar313@hotmail.com,2024-04-03 13:32:54,PREMIUM
120,Nisha Kumar,nisha.kumar217@outlook.com,2024-05-06 02:53:17,REGULAR
121,Arjun Poonia,arjun.poonia3@rediffmail.com,2025-11-30 19:59:43,PREMIUM
122,Aditya Saharan,aditya.saharan296@outlook.com,2025-12-06 07:30:53,REGULAR
123,Deepak Bansal,deepak.bansal811@hotmail.com,2024-11-03 07:14:05,REGULAR
124,Kavita Bishnoi,kavita.bishnoi847@yahoo.com,2024-04-20 22:21:06,REGULAR
125,Rachna Kadyan,rachna.kadyan450@gmail.com,2025-12-29 02:19:36,PREMIUM
126,Shreya Sharma,shreya.sharma553@rediffmail.com,2025-11-11 00:50:00,REGULAR
127,Nitin Tiwari,nitin.tiwari331@hotmail.com,2025-01-23 22:23:31,REGULAR
128,Lakshay Nair,lakshay.nair974@gmail.com,2025-02-22 16:05:57,REGULAR
129,Anjali Pilania,anjali.pilania532@rediffmail.com,2025-03-08 02:25:43,REGULAR
130,Deepika Chahar,deepika.chahar482@outlook.com,2025-09-26 08:19:13,REGULAR
131,Sunita Antil,sunita.antil422@rediffmail.com,2025-03-23 17:32:17,PREMIUM
132,Om Meel,om.meel466@gmail.com,2025-05-03 14:02:58,REGULAR
133,Pankaj Sharma,pankaj.sharma845@gmail.com,2026-04-22 21:21:19,REGULAR
134,Ramesh Ahlawat,ramesh.ahlawat638@rediffmail.com,2025-11-17 16:28:52,PREMIUM
135,Om Beniwal,om.beniwal950@outlook.com,2025-11-11 14:09:06,PREMIUM
136,Vivaan Kumar,vivaan.kumar624@yahoo.com,2024-09-03 00:45:57,REGULAR
137,Gaurav Chahar,gaurav.chahar231@gmail.com,2025-12-17 20:01:27,VIP
138,Kavita Siwach,kavita.siwach956@outlook.com,2026-03-01 12:07:25,PREMIUM
139,Dev Pilania,dev.pilania250@rediffmail.com,2026-05-06 08:39:06,REGULAR
140,Vikas Sharma,vikas.sharma765@yahoo.com,2024-04-18 10:42:30,REGULAR
141,Manisha Antil,manisha.antil957@hotmail.com,2025-02-19 00:55:07,PREMIUM
142,Naveen Nair,naveen.nair594@rediffmail.com,2024-08-18 20:02:19,REGULAR
143,Anil Yadav,anil.yadav782@,2025-12-08 08:28:39,VIP
144,Swati Reddy,swati.reddy393@yahoo.com,2025-09-30 02:48:20,REGULAR
145,Ritu Malik,ritu.malik680@yahoo.com,2026-02-08 11:11:25,VIP
146,Tarun Antil,tarun.antil891@gmail.com,2025-11-14 23:48:19,REGULAR
147,Saanvi Mishra,saanvi.mishra148@rediffmail.com,2024-08-27 19:00:12,REGULAR
148,Divya Antil,divya.antil639@rediffmail.com,2024-05-04 18:22:19,PREMIUM
149,Nikita Malik,nikita.malik978@outlook.com,2026-01-28 00:00:02,PREMIUM
150,Arjun Kaswan,arjun.kaswan647@outlook.com,2024-12-19 09:18:11,PREMIUM
151,Reyansh Pandey,reyansh.pandey649@gmail.com,2025-11-20 05:32:07,REGULAR
152,Vivaan Meel,vivaan.meel333@gmail.com,2025-03-31 17:32:36,REGULAR
153,Rajesh Verma,rajesh.verma422@hotmail.com,2024-10-06 17:00:26,REGULAR
154,Vijay Singh,vijay.singh700@yahoo.com,2026-02-12 02:22:47,VIP
155,Harsh Kumar,harsh.kumar261@rediffmail.com,2025-01-31 15:16:10,PREMIUM
156,Vandana Kadyan,vandana.kadyan694@hotmail.com,2024-09-02 09:45:29,REGULAR
157,Simran Kumar,simran.kumar986@rediffmail.com,2025-01-23 12:20:15,REGULAR
158,Vijay Pilania,vijay.pilania110@yahoo.com,2025-08-15 10:17:29,REGULAR
159,Kritika Bhukar,kritika.bhukar850@rediffmail.com,2025-03-02 09:22:13,REGULAR
160,Aadhya Iyer,aadhya.iyer764@rediffmail.com,2025-03-20 14:05:28,PREMIUM
161,Sunil Saharan,sunil.saharan652@yahoo.com,2025-01-24 08:02:39,PREMIUM
162,Pooja Kumar,pooja.kumar100@gmail.com,2025-04-24 21:51:09,PREMIUM
163,Ajay Mishra,ajay.mishra135@gmail.com,2025-04-03 10:30:54,REGULAR
164,Rahul Beniwal,rahul.beniwal806@hotmail.com,2025-07-22 08:09:26,REGULAR
165,Sunita Jakhar,sunita.jakhar936@rediffmail.com,2025-04-03 11:40:14,PREMIUM
166,Krishna Lohan,krishna.lohan987@gmail.com,2024-08-06 15:48:06,PREMIUM
167,Pankaj Kapoor,pankaj.kapoor571@outlook.com,2024-05-20 06:44:06,PREMIUM
168,Satyam Sangwan,satyam.sangwan466@outlook.com,2025-02-11 06:05:08,REGULAR
169,Preeti Deswal,preeti.deswal692@yahoo.com,2026-01-02 09:55:54,REGULAR
170,Bhavna Panghal,bhavna.panghal938@hotmail.com,2024-12-09 21:10:02,PREMIUM
171,Vandana Rathore,vandana.rathore310@rediffmail.com,2024-06-30 05:59:39,REGULAR
172,Simran Siwach,simran.siwach119@gmail.com,2024-12-30 17:58:46,PREMIUM
173,Harsh Ahlawat,harsh.ahlawat687@hotmail.com,2025-10-13 02:10:40,REGULAR
174,Manisha Patel,manisha.patel102@rediffmail.com,2025-09-25 23:39:46,VIP
175,Ajay Kajla,ajay.kajla455@rediffmail.com,2025-01-01 18:55:01,PREMIUM
176,Ajay Gupta,ajay.gupta924@outlook.com,2024-04-04 01:28:15,REGULAR
177,Krishna Lohan,krishna.lohan94@yahoo.com,2026-07-16 15:12:53,VIP
178,Anil Kaswan,anil.kaswan129@hotmail.com,2024-11-14 18:37:06,REGULAR
179,Nisha Nair,nisha.nair222@yahoo.com,2025-05-25 09:35:16,PREMIUM
180,Saanvi Bishnoi,saanvi.bishnoi880@yahoo.com,2024-07-20 22:27:28,REGULAR
181,Neha Mehta,neha.mehta888@gmail.com,2024-07-23 17:58:50,REGULAR
182,Swati Nair,swati.nair332@gmail.com,2024-09-27 16:22:09,REGULAR
183,Gaurav Verma,gaurav.verma117@gmail.com,2026-01-09 19:44:11,REGULAR
184,Tarun Deswal,tarun.deswal463@hotmail.com,2024-12-10 03:58:24,VIP
185,Ramesh Balhara,ramesh.balhara470@gmail.com,2024-04-04 11:44:07,VIP
186,Kiran Chauhan,kiran.chauhan111@rediffmail.com,2025-11-20 01:12:08,REGULAR
187,Vikas Godara,vikas.godara68@yahoo.com,2025-03-03 05:20:22,PREMIUM
188,Pallavi Malik,pallavi.malik612@hotmail.com,2025-04-03 02:35:05,REGULAR
189,Priya Bansal,priya.bansal719@gmail.com,2026-05-06 11:16:01,PREMIUM
190,Yash Saharan,yash.saharan424@outlook.com,2025-12-05 11:39:52,REGULAR
191,Pallavi Tanwar,pallavi.tanwar321@outlook.com,2025-08-04 10:57:12,VIP
192,Ekta Shivran,ekta.shivran94@gmail.com,2024-05-24 19:52:12,REGULAR
193,Preeti Kapoor,preeti.kapoor134@hotmail.com,2024-04-03 04:15:10,REGULAR
194,Aarti Mehta,aarti.mehta126@rediffmail.com,2025-07-03 07:05:30,PREMIUM
195,Kiran Mishra,kiran.mishra53@outlook.com,2026-07-21 16:54:38,REGULAR
196,Mahesh Kajla,mahesh.kajla159@rediffmail.com,2024-12-14 08:27:16,PREMIUM
197,Om Ahlawat,om.ahlawat118@outlook.com,2026-06-10 19:59:58,REGULAR
198,Om Agarwal,om.agarwal839@hotmail.com,2026-05-14 20:45:45,REGULAR
199,Shreya Bhukar,shreya.bhukar185@outlook.com,2025-04-24 23:47:02,VIP
200,Vikram Godara,vikram.godara580@rediffmail.com,2024-04-18 02:19:57,REGULAR
201,Ananya Chahar,ananya.chahar765@hotmail.com,2024-11-30 04:44:06,REGULAR
202,Karan Ahlawat,karan.ahlawat320@outlook.com,2026-05-31 17:25:17,REGULAR
203,Kavita Poonia,kavita.poonia773@hotmail.com,2024-03-18 07:16:48,PREMIUM
204,Nitin Siwach,nitin.siwach622@rediffmail.com,2025-10-05 09:53:20,REGULAR
205,Neha Dalal,neha.dalal441@gmail.com,2025-03-16 00:11:37,PREMIUM
206,Sonal Mehta,sonal.mehta316@gmail.com,2024-12-08 13:31:23,REGULAR
207,Saanvi Kajla,saanvi.kajla309@yahoo.com,2024-08-01 04:29:03,PREMIUM
208,Krishna Bhaskar,krishna.bhaskar510@rediffmail.com,2024-09-29 22:22:37,REGULAR
209,Rekha Sharma,rekha.sharma573@outlook.com,2024-04-21 23:10:09,REGULAR
210,Kiran Bhukar,kiran.bhukar471@gmail.com,2025-05-01 07:44:46,REGULAR
211,Manisha Kadyan,manisha.kadyan118@rediffmail.com,2024-02-02 09:35:19,VIP
212,Puneet Lohan,puneet.lohan852@outlook.com,2024-05-16 21:43:12,REGULAR
213,Nitin Nair,nitin.nair411@hotmail.com,2024-05-02 04:10:33,REGULAR
214,Anil Saharan,anil.saharan342@yahoo.com,2024-04-28 15:37:46,REGULAR
215,Mahesh Nain,mahesh.nain928@outlook.com,2025-06-29 09:56:48,PREMIUM
216,Kavita Kaswan,kavita.kaswan106@yahoo.com,2025-02-01 15:11:13,REGULAR
217,Isha Sihag,isha.sihag975@rediffmail.com,2025-12-21 17:25:26,PREMIUM
218,Sapna Chauhan,sapna.chauhan947@hotmail.com,2025-05-17 02:04:35,PREMIUM
219,Kavita Kharb,kavita.kharb70@rediffmail.com,2025-11-17 22:42:41,PREMIUM
220,Aadhya Dalal,aadhya.dalal520@gmail.com,2025-04-27 04:50:36,REGULAR
221,Ajay Kadyan,ajay.kadyan79@gmail.com,2026-07-11 20:54:03,REGULAR
222,Om Bansal,om.bansal757@gmail.com,2025-11-29 15:17:15,VIP
223,Meera Panghal,meera.panghal620@rediffmail.com,2026-02-17 20:19:40,REGULAR
224,Reyansh Kapoor,reyansh.kapoor921@outlook.com,2024-05-11 00:01:04,REGULAR
225,Rajesh Joshi,rajesh.joshi449@rediffmail.com,2026-03-25 02:41:30,REGULAR
226,Ajay Kadyan,ajay.kadyan397@rediffmail.com,2025-06-09 15:14:29,PREMIUM
227,Anil Shivran,anil.shivran338@gmail.com,2026-05-16 18:22:34,PREMIUM
228,Vikas Godara,vikas.godara342@gmail.com,2026-06-24 06:06:13,PREMIUM
229,Simran Patel,simran.patel716@,2024-07-19 07:39:58,REGULAR
230,Simran Yadav,simran.yadav386@outlook.com,2024-07-17 12:29:48,PREMIUM
231,Sonal Chahar,sonal.chahar662@rediffmail.com,2026-02-28 21:49:29,REGULAR
232,Vikram Kajla,vikram.kajla350@rediffmail.com,2024-10-25 06:28:26,REGULAR
233,Arjun Kadyan,arjun.kadyan865@gmail.com,2026-02-27 16:02:39,PREMIUM
234,Sonal Meel,sonal.meel678@outlook.com,2024-07-22 13:51:44,REGULAR
235,Vikram Rathore,vikram.rathore790@hotmail.com,2024-09-14 03:44:50,PREMIUM
236,Ajay Chauhan,ajay.chauhan737@yahoo.com,2025-11-21 00:55:41,PREMIUM
237,Sapna Saharan,sapna.saharan547@yahoo.com,2025-04-25 17:47:57,VIP
238,Meera Ahlawat,meera.ahlawat695@hotmail.com,2025-11-15 10:39:42,REGULAR
239,Vijay Sharma,vijay.sharma541@rediffmail.com,2024-09-08 17:57:59,PREMIUM
240,Pooja Jakhar,pooja.jakhar54@rediffmail.com,2025-07-30 15:47:25,REGULAR
241,Ramesh Sangwan,ramesh.sangwan292@gmail.com,2024-09-06 00:52:37,REGULAR
242,Kavita Tanwar,kavita.tanwar94@yahoo.com,2025-12-01 19:16:13,PREMIUM
243,Manisha Dhaka,manisha.dhaka406@hotmail.com,2025-08-03 22:17:41,REGULAR
244,Preeti Saharan,preeti.saharan29@outlook.com,2024-06-02 22:05:11,PREMIUM
245,Kavita Beniwal,kavita.beniwal40@outlook.com,2026-01-03 22:23:47,PREMIUM
246,Dev Kharb,dev.kharb631@gmail.com,2024-05-03 01:45:03,REGULAR
247,Rohan Yadav,rohan.yadav963@hotmail.com,2026-03-30 20:44:52,REGULAR
248,Swati Balhara,swati.balhara125@gmail.com,2025-01-05 09:40:08,REGULAR
249,Vandana Shivran,vandana.shivran114@rediffmail.com,2026-07-16 00:02:38,REGULAR
250,Rachna Kaswan,rachna.kaswan736@yahoo.com,2025-03-28 11:24:24,REGULAR
251,Swati Reddy,swati.reddy427gmail.com,2026-03-24 04:55:07,VIP
252,Ramesh Gupta,ramesh.gupta520@hotmail.com,2026-05-10 20:16:56,REGULAR
253,Diya Kumar,diya.kumar397@outlook.com,2025-01-29 00:46:01,PREMIUM
254,Arjun Dalal,arjun.dalal247@gmail.com,2026-06-22 22:55:41,PREMIUM
255,Aditya Dalal,aditya.dalal560@outlook.com,2024-09-28 23:47:44,PREMIUM
256,Ekta Kumar,ekta.kumar187@yahoo.com,2024-04-08 00:33:30,PREMIUM
257,Diya Kadyan,diya.kadyan207@gmail.com,2024-11-05 20:46:27,PREMIUM
258,Naveen Sharma,naveen.sharma408@hotmail.com,2026-01-05 09:37:21,REGULAR
259,Meera Kadyan,meera.kadyan366@gmail.com,2025-05-30 15:02:57,REGULAR
260,Kiran Dahiya,kiran.dahiya762@rediffmail.com,2025-08-23 15:09:42,REGULAR
261,Kabir Ahlawat,kabir.ahlawat947@hotmail.com,2025-02-18 08:04:05,PREMIUM
262,Riya Tanwar,riya.tanwar617@yahoo.com,2026-04-27 08:45:34,REGULAR
263,Ravi Mehta,ravi.mehta303@outlook.com,2025-11-23 16:56:40,PREMIUM
264,Yash Dalal,yash.dalal458@gmail.com,2025-07-01 16:21:49,PREMIUM
265,Vihaan Shivran,vihaan.shivran688@rediffmail.com,2025-07-18 09:13:14,REGULAR
266,Sunita Bhukar,sunita.bhukar147@hotmail.com,2025-11-11 16:16:01,REGULAR
267,Ajay Ahlawat,ajay.ahlawat393@hotmail.com,2024-02-20 07:24:44,PREMIUM
268,Preeti Ahlawat,preeti.ahlawat455@gmail.com,2026-06-10 13:21:17,REGULAR
269,Ravi Patel,ravi.patel286@yahoo.com,2024-06-25 05:40:15,REGULAR
270,Ramesh Malik,ramesh.malik936@hotmail.com,2024-07-01 22:26:53,REGULAR
271,Yash Kajla,yash.kajla627@outlook.com,2026-02-02 01:16:14,REGULAR
272,Arjun Kharb,arjun.kharb177@rediffmail.com,2024-05-16 09:04:33,PREMIUM
273,Pallavi Mehta,pallavi.mehta356@gmail.com,2026-05-04 09:22:47,REGULAR
274,Sunita Joshi,sunita.joshi727@yahoo.com,2025-07-15 13:24:19,REGULAR
275,Rahul Bansal,rahul.bansal143@yahoo.com,2026-02-06 10:28:22,REGULAR
276,Preeti Lohan,preeti.lohan823@hotmail.com,2024-07-20 14:13:19,PREMIUM
277,Naveen Dahiya,naveen.dahiya735@rediffmail.com,2026-03-27 15:21:16,REGULAR
278,Lakshay Shivran,lakshay.shivran129@outlook.com,2024-04-25 05:04:20,REGULAR
279,Komal Beniwal,komal.beniwal900@hotmail.com,2026-07-02 02:15:00,REGULAR
280,Kiran Sharma,kiran.sharma933@gmail.com,2024-07-11 21:03:43,REGULAR
281,Karan Panghal,karan.panghal958@yahoo.com,2025-06-21 12:40:31,VIP
282,Kritika Chahar,kritika.chahar257hotmail.com,2025-03-02 08:16:34,REGULAR
283,Satyam Chahar,satyam.chahar515@yahoo.com,2026-07-08 08:13:04,VIP
284,Puneet Mishra,puneet.mishra924@hotmail.com,2025-06-08 11:22:13,PREMIUM
285,Ananya Chahar,ananya.chahar47@hotmail.com,2025-02-15 03:05:14,PREMIUM
286,Manisha Singh,manisha.singh655@gmail.com,2026-02-12 16:12:16,PREMIUM
287,Simran Pilania,simran.pilania251@rediffmail.com,2025-04-07 01:08:18,REGULAR
288,Sunita Kharb,sunita.kharb426@rediffmail.com,2025-12-22 11:39:31,REGULAR
289,Pallavi Joshi,pallavi.joshi327@outlook.com,2025-09-11 09:13:57,REGULAR
290,Om Deswal,om.deswal327@yahoo.com,2025-12-25 15:21:28,REGULAR
291,Rohan Deswal,rohan.deswal52@outlook.com,2025-08-19 18:08:37,PREMIUM
292,Karan Panghal,karan.panghal957@hotmail.com,2025-04-30 18:51:26,REGULAR
293,Mahesh Lohan,mahesh.lohan511@outlook.com,2026-02-11 15:18:28,REGULAR
294,Payal Lohan,payal.lohan990@yahoo.com,2024-11-30 05:09:55,REGULAR
295,Sandeep Siwach,sandeep.siwach612@rediffmail.com,2025-03-19 21:28:18,REGULAR
296,Kiran Beniwal,kiran.beniwal904@outlook.com,2025-07-22 05:10:43,PREMIUM
297,Pankaj Dhaka,pankaj.dhaka584@hotmail.com,2024-10-29 09:16:32,REGULAR
298,Vijay Sharma,vijay.sharma462@hotmail.com,2025-03-10 12:44:33,PREMIUM
299,Neha Beniwal,neha.beniwal999@gmail.com,2025-09-03 21:47:41,REGULAR
300,Bhavna Ahlawat,bhavna.ahlawat774@yahoo.com,2024-11-05 05:24:56,PREMIUM
301,Aditya Meel,aditya.meel40@yahoo.com,2025-06-01 08:39:26,PREMIUM
302,Kavita Iyer,kavita.iyer915@hotmail.com,2024-08-05 03:24:46,REGULAR
303,Sunita Dahiya,sunita.dahiya632@outlook.com,2026-07-11 07:39:34,REGULAR
304,Nikita Siwach,nikita.siwach726@hotmail.com,2025-04-10 17:00:08,REGULAR
305,Anil Chauhan,anil.chauhan113@rediffmail.com,2026-06-25 17:59:35,REGULAR
306,Ananya Iyer,ananya.iyer486@outlook.com,2026-06-17 15:05:10,REGULAR
307,Ekta Poonia,ekta.poonia537@hotmail.com,2025-08-13 14:31:23,REGULAR
308,Diya Reddy,diya.reddy971@gmail.com,2024-10-23 08:57:19,REGULAR
309,Rohan Rathi,rohan.rathi708@yahoo.com,2025-09-29 11:58:43,REGULAR
310,Ekta Tiwari,ekta.tiwari745@gmail.com,2024-08-02 12:05:17,REGULAR
311,Ekta Verma,ekta.verma386@outlook.com,2024-09-26 00:42:31,REGULAR
312,Nikita Dalal,nikita.dalal693@outlook.com,2026-01-22 03:32:33,REGULAR
313,Om Balhara,om.balhara231@outlook.com,2025-03-24 22:51:18,PREMIUM
314,Deepika Panghal,deepika.panghal492@outlook.com,2026-05-20 16:29:30,VIP
315,Shreya Kadyan,shreya.kadyan125@hotmail.com,2026-04-23 19:37:25,REGULAR
316,Komal Agarwal,komal.agarwal824@yahoo.com,2025-03-27 04:51:35,REGULAR
317,Riya Dalal,riya.dalal947@rediffmail.com,2025-02-02 08:55:27,PREMIUM
318,Satyam Bishnoi,satyam.bishnoi956@hotmail.com,2025-02-25 22:46:56,REGULAR
319,Swati Kaswan,swati.kaswan52@hotmail.com,2024-12-16 13:38:55,PREMIUM
320,Gaurav Antil,gaurav.antil735@rediffmail.com,2024-06-05 04:35:08,PREMIUM
321,Om Poonia,om.poonia417@rediffmail.com,2026-01-11 16:34:15,PREMIUM
322,Kritika Panghal,kritika.panghal293@gmail.com,2024-05-18 23:20:14,PREMIUM
323,Aditya Sihag,aditya.sihag428@yahoo.com,2024-02-26 10:50:51,VIP
324,Kabir Sihag,kabir.sihag960@outlook.com,2024-02-28 04:50:25,REGULAR
325,Priya Antil,priya.antil292@rediffmail.com,2026-04-23 23:42:36,REGULAR
326,Pooja Sharma,pooja.sharma480@outlook.com,2024-10-26 12:31:47,PREMIUM
327,Harsh Patel,harsh.patel264@yahoo.com,2024-01-22 21:05:48,PREMIUM
328,Rachna Chauhan,rachna.chauhan776@yahoo.com,2024-09-29 14:55:28,PREMIUM
329,Jyoti Tanwar,jyoti.tanwar528@outlook.com,2024-05-14 17:49:06,REGULAR
330,Ishaan Pilania,ishaan.pilania332@yahoo.com,2024-01-11 14:38:43,REGULAR
331,Manoj Antil,manoj.antil310@hotmail.com,2026-06-08 22:24:56,REGULAR
332,Swati Dhaka,swati.dhaka684@gmail.com,2025-12-23 23:10:58,REGULAR
333,Mahesh Joshi,mahesh.joshi789@outlook.com,2024-07-01 09:34:34,PREMIUM
334,Preeti Singh,preeti.singh227@yahoo.com,2024-07-26 11:48:18,REGULAR
335,Vikas Ahlawat,vikas.ahlawat426@hotmail.com,2026-01-01 09:44:34,PREMIUM
336,Nisha Pandey,nisha.pandey254@hotmail.com,2024-05-07 04:20:46,REGULAR
337,Preeti Shivran,preeti.shivran940@hotmail.com,2024-06-23 07:26:49,REGULAR
338,Payal Nain,payal.nain587@hotmail.com,2024-08-20 18:54:06,REGULAR
339,Sapna Sangwan,sapna.sangwan697@yahoo.com,2026-06-24 21:19:16,REGULAR
340,Sapna Kapoor,sapna.kapoor57@rediffmail.com,2024-07-23 23:14:29,REGULAR
341,Vihaan Yadav,vihaan.yadav474@outlook.com,2024-02-03 19:39:41,REGULAR
342,Nisha Nair,nisha.nair75@gmail.com,2025-10-20 04:35:00,REGULAR
343,Vihaan Shivran,vihaan.shivran957@rediffmail.com,2024-02-19 07:09:42,REGULAR
344,Ishaan Agarwal,ishaan.agarwal657@rediffmail.com,2025-08-04 16:54:53,VIP
345,Vijay Malik,vijay.malik83@hotmail.com,2024-07-25 14:13:09,PREMIUM
346,Vikram Gupta,vikram.gupta403@hotmail.com,2024-07-16 19:50:36,PREMIUM
347,Aarav Pandey,aarav.pandey24@outlook.com,2025-12-20 06:02:11,PREMIUM
348,Nikita Malik,nikita.malik844@yahoo.com,2025-01-19 11:55:03,REGULAR
349,Rahul Mishra,rahul.mishra784@gmail.com,2024-02-20 01:08:54,PREMIUM
350,Vivaan Kaswan,vivaan.kaswan212@gmail.com,2024-06-05 17:42:07,REGULAR
351,Vihaan Kaswan,vihaan.kaswan759@gmail.com,2025-09-16 21:32:21,REGULAR
352,Aadhya Beniwal,aadhya.beniwal516@outlook.com,2024-12-29 18:10:26,PREMIUM
353,Pallavi Reddy,pallavi.reddy613@outlook.com,2025-01-03 00:25:21,REGULAR
354,Ramesh Saharan,ramesh.saharan424@outlook.com,2025-03-03 10:28:54,REGULAR
355,Anjali Kumar,anjali.kumar696@rediffmail.com,2026-05-13 11:36:53,REGULAR
356,Ritu Bansal,ritu.bansal538@outlook.com,2025-10-08 17:42:26,REGULAR
357,Vikram Pandey,vikram.pandey551@rediffmail.com,2025-01-09 07:56:42,PREMIUM
358,Rohan Kapoor,rohan.kapoor475@gmail.com,2026-05-23 15:16:04,REGULAR
359,Ramesh Beniwal,ramesh.beniwal398@yahoo.com,2025-01-31 02:55:36,REGULAR
360,Sapna Ahlawat,sapna.ahlawat95@hotmail.com,2024-10-22 21:40:10,REGULAR
361,Vikas Iyer,vikas.iyer41@gmail.com,2024-10-19 07:14:09,PREMIUM
362,Bhavna Kajla,bhavna.kajla491@yahoo.com,2025-06-01 05:48:33,REGULAR
363,Nisha Nain,nisha.nain986@gmail.com,2026-01-13 23:27:51,VIP
364,Nisha Dahiya,nisha.dahiya938@yahoo.com,2026-05-07 15:00:28,REGULAR
365,Harsh Gupta,harsh.gupta665@outlook.com,2025-04-24 02:48:58,REGULAR
366,Deepika Lohan,deepika.lohan101@rediffmail.com,2025-05-12 11:09:43,VIP
367,Gaurav Meel,gaurav.meel577@yahoo.com,2024-08-14 16:23:35,REGULAR
368,Manisha Kadyan,manisha.kadyan157@yahoo.com,2025-05-27 10:16:09,REGULAR
369,Swati Siwach,swati.siwach564@outlook.com,2025-02-03 17:50:12,PREMIUM
370,Kabir Lohan,kabir.lohan173@outlook.com,2024-09-19 22:40:59,REGULAR
371,Anjali Gupta,anjali.gupta658@gmail.com,2026-03-24 22:03:49,REGULAR
372,Aadhya Pandey,aadhya.pandey7@rediffmail.com,2024-08-01 14:03:20,PREMIUM
373,Rohan Bhaskar,rohan.bhaskar224@hotmail.com,2025-12-09 09:16:20,REGULAR
374,Ekta Mehta,ekta.mehta500@gmail.com,2024-01-11 06:31:35,REGULAR
375,Vivaan Verma,vivaan.verma740@outlook.com,2026-04-12 05:45:50,VIP
376,Nitin Kapoor,nitin.kapoor963@yahoo.com,2024-06-15 05:51:41,VIP
377,Swati Nain,swati.nain635@hotmail.com,2025-01-27 02:49:56,PREMIUM
378,Pankaj Chahar,pankaj.chahar383@rediffmail.com,2025-12-14 00:40:34,REGULAR
379,Rekha Balhara,rekha.balhara701@gmail.com,2024-02-19 05:17:02,REGULAR
380,Om Pilania,om.pilania58@gmail.com,2024-09-23 05:38:34,REGULAR
381,Aarti Reddy,aarti.reddy879@gmail.com,2026-03-31 11:12:05,VIP
382,Lakshay Pilania,lakshay.pilania278@gmail.com,2024-04-25 11:53:47,PREMIUM
383,Satyam Reddy,satyam.reddy674@gmail.com,2024-10-05 14:49:13,VIP
384,Amit Nair,amit.nair148@rediffmail.com,2024-04-29 12:26:15,REGULAR
385,Rachna Malik,rachna.malik694@hotmail.com,2025-05-30 07:47:05,REGULAR
386,Riya Sharma,riya.sharma764@outlook.com,2024-03-24 09:56:53,REGULAR
387,Arjun Antil,arjun.antil620@hotmail.com,2026-07-14 05:54:01,REGULAR
388,Ananya Kumar,ananya.kumar280@rediffmail.com,2026-02-01 03:01:21,REGULAR
389,Ritu Tanwar,ritu.tanwar191@hotmail.com,2025-08-13 10:08:16,REGULAR
390,Swati Joshi,swati.joshi76@gmail.com,2025-02-20 06:43:17,REGULAR
391,Kavita Tiwari,kavita.tiwari399@outlook.com,2025-07-14 07:52:45,REGULAR
392,Naveen Kharb,naveen.kharb369@outlook.com,2024-06-07 19:27:48,REGULAR
393,Yash Yadav,yash.yadav569@hotmail.com,2025-09-25 20:59:22,REGULAR
394,Om Chahar,om.chahar612@hotmail.com,2025-05-18 23:38:21,PREMIUM
395,Gaurav Malik,gaurav.malik798@gmail.com,2026-05-19 05:02:03,VIP
396,Rachna Verma,rachna.verma174@rediffmail.com,2024-09-20 07:28:59,REGULAR
397,Kabir Godara,kabir.godara65@yahoo.com,2025-11-06 05:54:21,REGULAR
398,Arjun Ahlawat,arjun.ahlawat258@yahoo.com,2026-02-09 04:51:16,REGULAR
399,Reyansh Beniwal,reyansh.beniwal312@gmail.com,2025-09-06 16:27:58,REGULAR
400,Aarti Kharb,aarti.kharb343@rediffmail.com,2026-07-12 08:34:27,REGULAR
401,Rahul Pilania,rahul.pilania322@yahoo.com,2025-09-10 15:26:51,VIP
402,Kabir Reddy,kabir.reddy801@yahoo.com,2025-05-21 05:55:10,REGULAR
403,Jyoti Ahlawat,jyoti.ahlawat117@hotmail.com,2024-11-06 09:05:08,REGULAR
404,Bhavna Bhukar,bhavna.bhukar976@rediffmail.com,2024-11-21 16:15:31,REGULAR
405,Arjun Bansal,arjun.bansal815@rediffmail.com,2026-02-14 15:22:23,REGULAR
406,Deepak Mehta,deepak.mehta158@rediffmail.com,2025-08-08 15:14:11,REGULAR
407,Ekta Nair,ekta.nair411@hotmail.com,2026-02-25 23:53:17,VIP
408,Manisha Gupta,manisha.gupta38@outlook.com,2026-04-14 01:18:21,REGULAR
409,Priya Agarwal,priya.agarwal255@outlook.com,2024-09-15 09:32:54,PREMIUM
410,Pankaj Pandey,pankaj.pandey340@rediffmail.com,2024-06-13 13:53:57,REGULAR
411,Mahesh Tiwari,mahesh.tiwari532@hotmail.com,2026-06-20 19:17:26,PREMIUM
412,Ajay Dahiya,ajay.dahiya475@hotmail.com,2026-02-16 10:43:00,REGULAR
413,Ekta Deswal,ekta.deswal303@rediffmail.com,2024-05-13 08:53:56,REGULAR
414,Kavita Dalal,kavita.dalal320@outlook.com,2025-12-08 08:01:51,PREMIUM
415,Komal Pilania,komal.pilania100@rediffmail.com,2025-12-03 20:27:14,REGULAR
416,Krishna Bhukar,krishna.bhukar870@outlook.com,2024-06-18 21:20:10,PREMIUM
417,Rajesh Verma,rajesh.verma179@hotmail.com,2024-09-05 18:17:31,REGULAR
418,Harsh Saharan,harsh.saharan817@rediffmail.com,2024-10-13 12:51:38,REGULAR
419,Jyoti Bhukar,jyoti.bhukar756@hotmail.com,2024-11-02 12:47:17,REGULAR
420,Aarav Joshi,aarav.joshi220@yahoo.com,2025-03-08 09:26:50,PREMIUM
421,Isha Reddy,isha.reddy105@hotmail.com,2024-10-17 10:22:04,REGULAR
422,Krishna Jakhar,krishna.jakhar687@rediffmail.com,2026-03-30 18:38:30,VIP
423,Vijay Singh,vijay.singh402@hotmail.com,2024-06-26 10:52:49,REGULAR
424,Anjali Chauhan,anjali.chauhan723@outlook.com,2026-07-05 19:04:17,REGULAR
425,Krishna Kaswan,krishna.kaswan313@gmail.com,2024-10-11 08:23:39,REGULAR
426,Vijay Rathi,vijay.rathi611@yahoo.com,2026-06-11 22:19:21,REGULAR
427,Satyam Rathore,satyam.rathore942@yahoo.com,2026-05-12 00:38:25,REGULAR
428,Vikram Panghal,vikram.panghal863@rediffmail.com,2024-03-24 06:46:21,PREMIUM
429,Deepika Beniwal,deepika.beniwal200@rediffmail.com,2026-05-22 09:17:50,REGULAR
430,Kabir Rathi,kabir.rathi728@rediffmail.com,2026-01-29 04:02:18,REGULAR
431,Rekha Kadyan,rekha.kadyan34@outlook.com,2024-12-15 06:46:12,REGULAR
432,Harsh Reddy,harsh.reddy761@rediffmail.com,2026-05-03 23:16:39,REGULAR
433,Shreya Agarwal,shreya.agarwal557@,2025-07-23 21:35:53,REGULAR
434,Sapna Gupta,sapna.gupta224@rediffmail.com,2024-06-08 02:21:41,PREMIUM
435,Swati Balhara,swati.balhara896@gmail.com,2025-11-29 15:14:13,REGULAR
436,Riya Kharb,riya.kharb887@gmail.com,2025-01-03 01:59:21,REGULAR
437,Komal Joshi,komal.joshi625@rediffmail.com,2024-09-14 20:14:35,PREMIUM
438,Nisha Kapoor,nisha.kapoor61@hotmail.com,2025-06-28 23:20:56,REGULAR
439,Sunita Panghal,sunita.panghal721@outlook.com,2025-03-25 11:07:30,REGULAR
440,Payal Chauhan,payal.chauhan835@gmail.com,2024-07-29 15:07:14,VIP
441,Aadhya Bishnoi,aadhya.bishnoi888@yahoo.com,2024-07-25 03:04:25,REGULAR
442,Swati Pandey,swati.pandey864@rediffmail.com,2026-01-30 08:20:38,REGULAR
443,Manisha Malik,manisha.malik463@gmail.com,2024-05-24 14:49:30,REGULAR
444,Preeti Lohan,preeti.lohan974@rediffmail.com,2025-05-23 10:13:43,REGULAR
445,Riya Mishra,riya.mishra996@rediffmail.com,2025-07-10 11:30:40,PREMIUM
446,Jyoti Kajla,jyoti.kajla992@rediffmail.com,2024-11-25 02:23:42,REGULAR
447,Sandeep Antil,sandeep.antil561@hotmail.com,2024-07-21 20:54:23,REGULAR
448,Anil Chauhan,anil.chauhan781@gmail.com,2024-03-12 08:52:35,REGULAR
449,Vandana Bhukar,vandana.bhukar128@yahoo.com,2025-11-16 12:19:57,REGULAR
450,Kiran Nain,kiran.nain706@yahoo.com,2025-04-13 22:21:42,REGULAR
451,Shreya Chahar,shreya.chahar671@outlook.com,2025-01-23 23:11:20,REGULAR
452,Sunita Dhaka,sunita.dhaka406@outlook.com,2024-12-29 17:30:54,REGULAR
453,Reyansh Bhaskar,reyansh.bhaskar219@rediffmail.com,2024-05-01 01:45:58,REGULAR
454,Yash Bhaskar,yash.bhaskar9@outlook.com,2024-07-06 08:03:43,VIP
455,Ishaan Pilania,ishaan.pilania73@yahoo.com,2025-08-18 01:52:55,REGULAR
456,Priya Panghal,priya.panghal377@outlook.com,2024-08-01 00:33:02,REGULAR
457,Pooja Patel,pooja.patel694@yahoo.com,2024-04-16 06:34:10,REGULAR
458,Karan Kharb,karan.kharb360@yahoo.com,2024-08-23 03:38:11,VIP
459,Sapna Kajla,sapna.kajla89@gmail.com,2024-08-05 12:04:05,PREMIUM
460,Ritu Dalal,ritu.dalal987@rediffmail.com,2025-05-03 13:32:47,PREMIUM
461,Sai Kaswan,sai.kaswan567@hotmail.com,2026-07-21 01:54:52,PREMIUM
462,Vivaan Mehta,vivaan.mehta897@outlook.com,2024-11-15 03:34:17,REGULAR
463,Jyoti Kadyan,jyoti.kadyan662@gmail.com,2025-01-06 19:16:55,REGULAR
464,Kabir Kumar,kabir.kumar609@gmail.com,2026-03-31 15:56:53,PREMIUM
465,Ajay Panghal,ajay.panghal136@rediffmail.com,2026-06-01 22:45:24,REGULAR
466,Anjali Pandey,anjali.pandey483@gmail.com,2024-01-26 22:13:33,REGULAR
467,Amit Meel,amit.meel945@gmail.com,2025-09-10 05:35:03,REGULAR
468,Payal Agarwal,payal.agarwal426@rediffmail.com,2025-09-16 21:59:20,REGULAR
469,Kavita Bishnoi,kavita.bishnoi86@outlook.com,2024-05-02 18:08:14,REGULAR
470,Rohan Gupta,rohan.gupta335@rediffmail.com,2026-06-29 23:57:43,PREMIUM
471,Isha Balhara,isha.balhara716@rediffmail.com,2025-01-05 17:02:48,REGULAR
472,Nitin Sangwan,nitin.sangwan465@hotmail.com,2024-03-26 11:36:56,REGULAR
473,Anjali Sangwan,anjali.sangwan13@yahoo.com,2024-01-18 15:10:52,REGULAR
474,Sonal Verma,sonal.verma802@outlook.com,2024-09-16 08:49:48,REGULAR
475,Shreya Mishra,shreya.mishra908@gmail.com,2024-02-15 14:28:49,REGULAR
476,Ramesh Shivran,ramesh.shivran270@hotmail.com,2024-04-29 17:22:44,REGULAR
477,Aadhya Siwach,aadhya.siwach880@hotmail.com,2024-09-16 05:47:21,REGULAR
478,Reyansh Reddy,reyansh.reddy691@gmail.com,2024-12-20 19:32:02,PREMIUM
479,Aarav Kaswan,aarav.kaswan48@rediffmail.com,2025-07-19 10:01:38,REGULAR
480,Aditya Yadav,aditya.yadav823@rediffmail.com,2024-12-14 18:32:15,REGULAR
481,Ravi Bishnoi,ravi.bishnoi846@gmail.com,2026-06-06 20:24:18,REGULAR
482,Aadhya Sihag,aadhya.sihag229@hotmail.com,2024-03-12 08:20:31,VIP
483,Harsh Kadyan,harsh.kadyan793@outlook.com,2025-05-23 10:39:46,REGULAR
484,Ajay Nain,ajay.nain299@hotmail.com,2025-04-17 02:33:36,PREMIUM
485,Ajay Nair,ajay.nair996@rediffmail.com,2024-10-30 13:52:33,PREMIUM
486,Swati Godara,swati.godara7@rediffmail.com,2024-02-07 03:26:20,REGULAR
487,Aarav Antil,aarav.antil2@rediffmail.com,2025-04-22 16:49:39,REGULAR
488,Swati Rathi,swati.rathi504@gmail.com,2024-08-09 04:04:05,PREMIUM
489,Suresh Verma,suresh.verma423@outlook.com,2025-12-13 04:33:14,VIP
490,Reyansh Sharma,reyansh.sharma137@rediffmail.com,2024-04-26 05:52:57,REGULAR
491,Ishaan Kaswan,ishaan.kaswan299@outlook.com,2025-05-04 08:23:00,VIP
492,Ravi Panghal,ravi.panghal464@outlook.com,2024-12-28 21:39:28,REGULAR
493,Tarun Deswal,tarun.deswal160@gmail.com,2024-09-12 08:20:36,REGULAR
494,Krishna Gupta,krishna.gupta367@yahoo.com,2025-12-03 00:41:23,REGULAR
495,Krishna Chahar,krishna.chahar162@outlook.com,2026-07-26 04:44:49,REGULAR
496,Pallavi Godara,pallavi.godara94@yahoo.com,2025-07-06 15:03:04,REGULAR
497,Naveen Jakhar,naveen.jakhar840@yahoo.com,2024-02-18 06:49:27,VIP
498,Bhavna Tiwari,bhavna.tiwari564@yahoo.com,2024-05-27 03:36:51,REGULAR
499,Pooja Sangwan,pooja.sangwan13@gmail.com,2024-12-11 07:30:08,REGULAR
500,Preeti Chauhan,preeti.chauhan646@gmail.com,2026-06-23 14:36:17,REGULAR
501,Isha Bhukar,isha.bhukar67@yahoo.com,2025-11-19 20:19:04,PREMIUM
502,Anil Sangwan,anil.sangwan44@rediffmail.com,2024-03-19 15:54:37,REGULAR
503,Jyoti Siwach,jyoti.siwach31@rediffmail.com,2025-10-24 19:11:15,REGULAR
504,Vikram Bishnoi,vikram.bishnoi287@rediffmail.com,2024-08-18 21:22:50,REGULAR
505,Swati Patel,swati.patel303@rediffmail.com,2025-10-02 00:10:57,PREMIUM
506,Sai Bishnoi,sai.bishnoi393@yahoo.com,2025-10-13 06:12:25,REGULAR
507,Sonal Kaswan,sonal.kaswan646@hotmail.com,2024-01-31 08:07:49,VIP
508,Komal Pilania,komal.pilania558@rediffmail.com,2025-06-18 10:31:17,VIP
509,Ritu Bishnoi,ritu.bishnoi185@gmail.com,2025-05-10 08:37:02,REGULAR
510,Manoj Dhaka,manoj.dhaka829@rediffmail.com,2026-04-02 10:39:59,REGULAR
511,Rekha Poonia,rekha.poonia103@yahoo.com,2025-01-09 14:49:40,REGULAR
512,Aadhya Pandey,aadhya.pandey971@yahoo.com,2026-06-13 07:21:26,PREMIUM
513,Komal Sihag,komal.sihag181@yahoo.com,2026-07-09 10:43:42,REGULAR
514,Komal Nair,komal.nair29@outlook.com,2026-05-31 19:34:36,REGULAR
515,Meera Kapoor,meera.kapoor903@rediffmail.com,2026-04-22 03:52:12,REGULAR
516,Sai Dhaka,sai.dhaka239@hotmail.com,2024-12-05 21:47:19,REGULAR
517,Anil Singh,anil.singh207@yahoo.com,2025-06-13 08:25:04,PREMIUM
518,Pallavi Dhaka,pallavi.dhaka23@yahoo.com,2026-06-30 06:22:30,PREMIUM
519,Krishna Verma,krishna.verma882@outlook.com,2024-04-22 16:10:27,REGULAR
520,Jyoti Nair,jyoti.nair104@outlook.com,2025-04-13 18:37:13,REGULAR
521,Kiran Bansal,kiran.bansal655@rediffmail.com,2025-05-07 21:10:56,REGULAR
522,Komal Saharan,komal.saharan682@hotmail.com,2024-09-29 09:34:57,REGULAR
523,Kritika Beniwal,kritika.beniwal182@gmail.com,2026-06-08 20:49:44,REGULAR
524,Rachna Meel,rachna.meel187@hotmail.com,2025-05-09 07:59:10,VIP
525,Rekha Kumar,rekha.kumar580@gmail.com,2026-02-09 19:07:11,REGULAR
526,Swati Dalal,swati.dalal328@yahoo.com,2024-05-17 19:56:43,PREMIUM
527,Aarti Kharb,aarti.kharb12@outlook.com,2024-11-21 17:35:48,REGULAR
528,Deepak Bansal,deepak.bansal111@gmail.com,2024-03-15 19:04:02,REGULAR
529,Sunita Rathi,sunita.rathi505@rediffmail.com,2025-06-29 14:50:49,REGULAR
530,Dev Bansal,dev.bansal885@hotmail.com,2024-12-16 10:20:01,REGULAR
531,Aditya Kadyan,aditya.kadyan21@outlook.com,2025-02-09 15:32:47,VIP
532,Karan Malik,karan.malik165@gmail.com,2026-04-29 19:21:45,VIP
533,Aarti Iyer,aarti.iyer629@rediffmail.com,2024-02-18 03:30:37,REGULAR
534,Kiran Poonia,kiran.poonia55@gmail.com,2025-05-29 08:06:02,REGULAR
535,Om Mishra,om.mishra948@hotmail.com,2025-02-16 01:47:14,PREMIUM
536,Reyansh Dhaka,reyansh.dhaka403@hotmail.com,2026-05-03 20:54:29,PREMIUM
537,Ajay Bhaskar,ajay.bhaskar438@gmail.com,2025-04-02 13:35:57,PREMIUM
538,Ekta Nain,ekta.nain100@gmail.com,2024-11-17 11:45:59,REGULAR
539,Sai Pilania,sai.pilania865@gmail.com,2025-04-24 00:14:52,PREMIUM
540,Deepak Chahar,deepak.chahar658@hotmail.com,2025-08-25 00:03:29,REGULAR
541,Preeti Sihag,preeti.sihag457@gmail.com,2025-02-13 00:23:06,REGULAR
542,Manoj Reddy,manoj.reddy64@yahoo.com,2024-05-30 05:20:06,REGULAR
543,Satyam Rathi,satyam.rathi995@hotmail.com,2024-12-19 10:17:25,REGULAR
544,Sonal Rathi,sonal.rathi989@hotmail.com,2026-01-07 14:44:10,REGULAR
545,Naveen Chahar,naveen.chahar405@gmail.com,2026-02-18 23:41:58,REGULAR
546,Rachna Chauhan,rachna.chauhan636@yahoo.com,2024-07-05 20:25:59,VIP
547,Karan Kajla,karan.kajla828@yahoo.com,2024-07-15 00:33:18,REGULAR
548,Nitin Nain,nitin.nain843@yahoo.com,2026-07-13 08:59:04,REGULAR
549,Isha Chahar,isha.chahar398@hotmail.com,2025-09-09 06:28:04,REGULAR
550,Sonal Lohan,sonal.lohan940@gmail.com,2026-07-01 18:25:27,REGULAR
